image_url,text_data,id
https://instagram.fccu20-1.fna.fbcdn.net/v/t51.2885-15/295463559_354089693580282_7540960273713920627_n.webp?stp=dst-jpg_e35&_nc_ht=instagram.fccu20-1.fna.fbcdn.net&_nc_cat=106&_nc_ohc=s8ptBFWrh1QAX_v9rlz&edm=ALQROFkBAAAA&ccb=7-5&ig_cache_key=Mjg4OTMwNDQyOTY1NjMzODQxMg%3D%3D.2-ccb7-5&oh=00_AT9tTECLG9hcQ0H4d7pdvYY9heR0CzPSdEIJkQUiLMWHAQ&oe=62E40297&_nc_sid=30a2ef,"{'likes': '4 likes', 'username': 'preloved_brands_official', 'caption': 'Mushq', 'hastag': ['#preloved#prelovedbranded#prelovedstuff#weddingseasion#womenfashion#elan#crimson#hussainrehar#suffusebysanayasir#republicwomenswear#mohsinnaveedranjha#lahorefashion#instafashion#instagood#streetstyle#farhatalibaziz#faizasaqlain#usafashion#ukfashion#shehlachatoor'], 'timeago': '5 HOURS AGO'}",fashion0
https://instagram.fccu20-1.fna.fbcdn.net/v/t51.2885-15/295009176_375670081254828_592560167338035918_n.jpg?stp=dst-jpg_e35_p1080x1080&_nc_ht=instagram.fccu20-1.fna.fbcdn.net&_nc_cat=1&_nc_ohc=IFqJtjlvexwAX9Q6khi&edm=ALQROFkBAAAA&ccb=7-5&ig_cache_key=Mjg4OTMxMDE3NjIzMTc5Mzg3NA%3D%3D.2-ccb7-5&oh=00_AT_7z8sOqMkNQ8iMrT5zx_lDRN7MYXuHs5N1-x0Uo6Nvuw&oe=62E3EB19&_nc_sid=30a2ef,"{'likes': '1,702 likes', 'username': 'boho_addict', 'caption': 'HOLIDAYS ü§ç L‚Äôheure de se reposer, profiter de ma petite famille, se cr√©er des souvenirs. Peut √™tre moins pr√©sente pendant une quinzaine de jours en posts mais pour revenir les batteries recharg√©es √† bloc ‚ú® A votre avis, on part ou? (Pas bien compliqu√© üôä)', 'hastag': ['#fashion #ootd #outfit #outfitoftheday #outfitinspiration #streetstyle #parisian #paris #parisienne #tenuedujour #stylegram #lookoftheday #ibiza #stylehunter #aesthetic #fashioninspo #fashionstyle #zaraoutfit #ootdstyle #ootdfashion #ootdinspiration #ootdmagazine #dailyoutfit #parisianstyle #zara #womenstyle #womenfashion #ÔΩÅÔΩÖÔΩìÔΩîÔΩàÔΩÖÔΩîÔΩâÔΩÉ #aestheticoutfit #summeroutfit'], 'timeago': '5 HOURS AGO'}",fashion1
https://instagram.fccu20-1.fna.fbcdn.net/v/t51.2885-15/295440224_1243810293117393_3293004466686519819_n.webp?stp=dst-jpg_e35_p1080x1080&_nc_ht=instagram.fccu20-1.fna.fbcdn.net&_nc_cat=109&_nc_ohc=oe7uHMA-EtYAX8aEOkM&edm=ALQROFkBAAAA&ccb=7-5&ig_cache_key=Mjg4OTI3ODY3MjA0MTk5OTkxOA%3D%3D.2-ccb7-5&oh=00_AT9dFm-GYySFMDL6oadd5yNxLGrtHlBJnYMOh47XnmI5MA&oe=62E46FE1&_nc_sid=30a2ef,"{'likes': '4 likes', 'username': 'sj_trends_and_fashion__', 'caption': 'Wedding Aura üíï üíó', 'hastag': ['#girlscollection #girlsfashion #womenwear #womenfashion #womencollection #sareelovers #smallbusiness #plssupportmeguysüíïüòá #smallbusinesssupport #wholesale #bestprice #handstack #reelitfeelit #latestfashion #trending #postoftheday #sareecollection #kurthi #lehangalove #westernwear #instapost #womenstore #girlscorner #public #serial #clothing #business #shoponline #happycustomersmakemehappy #sjtrendsandfashion'], 'timeago': '6 HOURS AGO'}",fashion2
https://instagram.fccu20-1.fna.fbcdn.net/v/t51.2885-15/295522500_3335851930034982_3062322700167318071_n.jpg?stp=dst-jpg_e35_p1080x1080&_nc_ht=instagram.fccu20-1.fna.fbcdn.net&_nc_cat=106&_nc_ohc=-5P_YNK_pEIAX_s-Cnb&edm=ALQROFkBAAAA&ccb=7-5&ig_cache_key=Mjg4OTMxMTEwNDA3MDQ0NzYyNw%3D%3D.2-ccb7-5&oh=00_AT82BqFGDolYEY3J9XiSbO55gJCw9R-U-hMR1bjLhcH5bQ&oe=62E45D10&_nc_sid=30a2ef,"{'likes': 'Be the first to like this', 'username': 'joyceshopping', 'caption': '#converse #womenfashion', 'hastag': ['#converse #womenfashion'], 'timeago': '5 HOURS AGO'}",fashion3
https://instagram.fccu20-1.fna.fbcdn.net/v/t51.2885-15/295013209_747810809773453_4804235462535938366_n.webp?stp=dst-jpg_e35&_nc_ht=instagram.fccu20-1.fna.fbcdn.net&_nc_cat=101&_nc_ohc=YqsxaFH3MFwAX_YIrAH&edm=ALQROFkBAAAA&ccb=7-5&ig_cache_key=Mjg4OTI1MTM1MjE1NzE2ODQyNQ%3D%3D.2-ccb7-5&oh=00_AT_lmCDOL7I6AcbVz5690pddRJzhcQyM7SeAH5ATrjFhaA&oe=62E44A70&_nc_sid=30a2ef,"{'likes': '2 likes', 'username': 'dresslovergirl', 'caption': 'Amazing dress---üòçüòçüí•', 'hastag': ['#womenswear #fashion #womensfashion #style #ootd #menswear #onlineshopping #instafashion #fashionblogger #womenstyle #fashionista #fashionstyle #womenfashion #women #clothing #shopping #dress #dresses #trending #instagood #clothes #love #outfitoftheday #womensclothing #newcollection #indianwear #stylish #ethnicwear #instastyle #mensfashion'], 'timeago': '7 HOURS AGO'}",fashion5
https://instagram.fccu20-1.fna.fbcdn.net/v/t51.2885-15/295363619_1494907260936869_1123489117567496899_n.jpg?stp=dst-jpg_e35_p1080x1080&_nc_ht=instagram.fccu20-1.fna.fbcdn.net&_nc_cat=105&_nc_ohc=pKZF7PF2RSIAX-xMn3b&edm=ALQROFkBAAAA&ccb=7-5&ig_cache_key=Mjg4OTI4MzQxNjA1OTI0MTkwMQ%3D%3D.2-ccb7-5&oh=00_AT_1EHYSGXjV4ATumL9POxswrxGY7NhVxQl2zrTaYybd7w&oe=62E486B7&_nc_sid=30a2ef,"{'likes': '46 likes', 'username': 'sylvia_check_in', 'caption': '#bonjour', 'hastag': ['#bonjour', '#fscapferrat #dreamwithfs #frenchriviera #cotedazur #fourseasonshotel #grandhotelducapferrat #luxuryhotels #besthotelsintheworld #frenchrivieralife #fashionlover #chanel #chanelfashion #stylinspo #hermesbag #grandhotelsaintjeancapferrat #france #vivalavie #luxurytraveller #chanellover #goodlife #fashionaddict #globetrotter #traveltheworld #style #womenfashion #frenchstyle #wonderful_places #chaneljacket #lesphotographes'], 'timeago': '5 HOURS AGO'}",fashion6
https://instagram.fccu20-1.fna.fbcdn.net/v/t51.2885-15/295479977_1513883279065385_8270996237645330385_n.webp?stp=dst-jpg_e35&_nc_ht=instagram.fccu20-1.fna.fbcdn.net&_nc_cat=105&_nc_ohc=ctRtRDgZl3UAX_CJ5Tk&edm=ALQROFkBAAAA&ccb=7-5&ig_cache_key=Mjg4OTI5NTMxMTU2MDA5OTYyOA%3D%3D.2-ccb7-5&oh=00_AT-dvBKiPdEcTLEAOw1ki3rJXHdh-0uAnXE5gf1DaLnuzQ&oe=62E4ABC7&_nc_sid=30a2ef,"{'likes': 'Be the first to like this', 'username': 'rajasthan_fashion_club_', 'caption': 'Starting 350‚Çπ only', 'hastag': ['#womenwear #fashion #womenfashion #onlineshopping #women #style #fashionstyle #dresses #dress #indianwear #ethnicwear #fashionblogger #fashionista #instafashion #shopping #womenstyle #ootd #clothing #womensfashion #womenclothing #trending #clothes #ladieswear #newcollection #saree #outfit #casualwear #womenswear #clothingbrand #partywear'], 'timeago': '5 HOURS AGO'}",fashion7
https://instagram.fccu20-1.fna.fbcdn.net/v/t51.2885-15/295020661_802705747808342_2772833015057512472_n.jpg?stp=dst-jpg_e15_fr_p1080x1080&_nc_ht=instagram.fccu20-1.fna.fbcdn.net&_nc_cat=102&_nc_ohc=H0sOQc-xNmsAX8vI8Ko&tn=2gI10avjJ4m3-WoU&edm=ALQROFkBAAAA&ccb=7-5&ig_cache_key=Mjg4OTM2OTM4Mjc0MTU0NjIxOA%3D%3D.2-ccb7-5&oh=00_AT-fvbMe46YsgeF3gtOdOp52FBaAbfeBesO9IDBcjKA8tQ&oe=62E37BE0&_nc_sid=30a2ef,"{'likes': '4 likes', 'username': 'the__wayout', 'caption': 'Black & White Asymmetrical Shirt ü§çüñ§', 'hastag': ['#the__wayout #thewayoutfashion #thewayoutbabe', '#thewayoutlove #asymmetricalshirt #shirt #blackshirt #blackfashion', '#blackdress #blacklover #blackprinteddress #womenfashion #fashionstyle #fashionbrand #fashionapparel #clothingbrand #clothing #stylishlook #style #shopping #instagramfashion #explorefashion'], 'timeago': '3 HOURS AGO'}",fashion8
https://instagram.fccu20-1.fna.fbcdn.net/v/t51.2885-15/295638803_102707659164866_7989252233950716189_n.jpg?stp=dst-jpg_e35_p1080x1080&_nc_ht=instagram.fccu20-1.fna.fbcdn.net&_nc_cat=102&_nc_ohc=gBAF3w9ctF8AX8XD0g0&edm=ALQROFkBAAAA&ccb=7-5&ig_cache_key=Mjg4OTM1NTk1NTAyMTQ3MDkwMQ%3D%3D.2-ccb7-5&oh=00_AT_ahWqPVaaVt6ccFjK7PN4Ne4Hkfs4chzRc2Zg3-m4LGA&oe=62E459A3&_nc_sid=30a2ef,"{'likes': '8 likes', 'username': 'angle.troyes', 'caption': 'COLLECTION √âT√â ‚òÄÔ∏èü¶ã', 'hastag': ['#newcollection #summer2022 #gracemila #only #veromoda #lapetiteetoile #fashion #womenclothes #trend #ootdfashion #noname #vanessawu #lookoftheday #womenfashion'], 'timeago': '3 HOURS AGO'}",fashion9
https://instagram.fccu20-1.fna.fbcdn.net/v/t51.2885-15/295239259_372733938320805_6008526857802332276_n.webp?stp=dst-jpg_e35_p1080x1080&_nc_ht=instagram.fccu20-1.fna.fbcdn.net&_nc_cat=109&_nc_ohc=U5zq5LXQT_gAX8rZCWn&edm=ALQROFkBAAAA&ccb=7-5&ig_cache_key=Mjg4OTMwNDk0NTYxNDUwMjcxMQ%3D%3D.2-ccb7-5&oh=00_AT83Wu_j4Rsa_hF-JroE78fVcu0W5lezT1i5Vay9VTFiRA&oe=62E3E08F&_nc_sid=30a2ef,"{'likes': '6 likes', 'username': 'multan_arts_fabrics', 'caption': '#New Trending Arrivals 2k22‚ù§Ô∏èü•Ä', 'hastag': ['#New Trending Arrivals 2k22‚ù§Ô∏èü•Ä', '#Shirt Lawn embroidered jaal', '#Dupatta chiffon embroidered', '#trouser lawn plain', '#Cashüí∏ On Deliveryüì¶ All Over Pakistan', '#multan_arts #Fashion #InstaFashion #Pakistanifashion #Pakistanidesignerwear #Desiwear #Pakistaniclothes #StreetStyle #Stylish #WomenFashion #InstaStyle #multan_arts #LookBook #Pakistanicouture #StyleBlog #Blog #StyleBlogger #OutfitOfTheDay #PakistanFashion #Handmadedress #instagood #Sale @multan_arts_fabrics'], 'timeago': '5 HOURS AGO'}",fashion10
https://instagram.fccu20-1.fna.fbcdn.net/v/t51.2885-15/295047238_320293950229408_5489726004883272632_n.jpg?stp=dst-jpg_e35_p1080x1080&_nc_ht=instagram.fccu20-1.fna.fbcdn.net&_nc_cat=104&_nc_ohc=SqnSkatywUoAX-STo6R&edm=ALQROFkBAAAA&ccb=7-5&ig_cache_key=Mjg4OTM3MTM0ODY3NzkwNTgyNg%3D%3D.2-ccb7-5&oh=00_AT8z2OhQPjTD396ce_FZQo4wQ7KsZKEFeMlaVS1Cvg9rIw&oe=62E3D288&_nc_sid=30a2ef,"{'likes': '8 likes', 'username': 'unway_official', 'caption': 'We love ‚Äò80s and ‚Äò90s vibes and we dreamt about creating a jacket which brings back these times in its style.', 'hastag': ['#unway #unwaystore #unwaysouls #unwayfashion #cactus #indie #cactusveganleather #sk√≥rawega≈Ñska #leatheralternative #veganleather #plantbasedleather #indiecollection #womenfashion #unisex #freedomfeeling #independentwomen #newcollection #newfashionbrand #sustainability #sustainablefashion #balticsea #80sstyle #90sstyle #80fashion #90sfashion'], 'timeago': '3 HOURS AGO'}",fashion11
https://instagram.fccu20-1.fna.fbcdn.net/v/t51.2885-15/295354218_788307532340887_3693466589309859797_n.webp?stp=dst-jpg_e35&_nc_ht=instagram.fccu20-1.fna.fbcdn.net&_nc_cat=107&_nc_ohc=2Pv7XYjFyb0AX96eZ56&edm=ALQROFkBAAAA&ccb=7-5&ig_cache_key=Mjg4OTMyMjE1ODQ2ODk5MTU2MQ%3D%3D.2-ccb7-5&oh=00_AT-yu4EH4kCqYSPoVDTBMtYr2zSigDpW799ZrqyrnWKjyA&oe=62E43E89&_nc_sid=30a2ef,"{'likes': 'Be the first to like this', 'username': 'subz.ero7928', 'caption': 'ELEGANT DESIGNER HANDBAGS FOR WOMEN...', 'hastag': ['#bagcollection #ladieshandbagshop #bagsofinstagram #handbagstore #accessories #ladiesbag #totebag #womenfashion #fashionstyle #bag #style #ladiespurse #handbagsetmurah #crossbags #purses #bagfashion #bagshopping #fashionista #handbagsupera #womensfashion #bagsandpurses #ladies #leatherhandbag #premiumhandbags #onlinestore #uniquebags #handbagsupplier #brandedhandbags #premiumqualityhandbags #guccihandbags'], 'timeago': '4 HOURS AGO'}",fashion12
https://instagram.fccu20-1.fna.fbcdn.net/v/t51.2885-15/295493159_998981034124586_593608666408543171_n.jpg?stp=dst-jpg_e35_p1080x1080&_nc_ht=instagram.fccu20-1.fna.fbcdn.net&_nc_cat=102&_nc_ohc=JsNx9OXwqs8AX9rXXUS&edm=ALQROFkBAAAA&ccb=7-5&ig_cache_key=Mjg4OTI0NjExNzU3NDI5NzcwMA%3D%3D.2-ccb7-5&oh=00_AT-KSC7QOsDPRDyvyjlx6oFq4Z0ooBioStyNjKIYETb3Lg&oe=62E44EF3&_nc_sid=30a2ef,"{'likes': '4 likes', 'username': 'lounai.lb', 'caption': 'Check our new Collection!ü§©', 'hastag': ['#womenswear #fashion #womensfashion #style #ootd #onlineshopping #instafashion #fashionblogger #womenstyle #fashionista #fashionstyle #women #womenfashion #clothing #dress #shopping #dresses #instagood #clothes #trending #love #louna√Ø #womensclothing #streetstyle #newcollection #stylish #ethnicwear #byblosshop#beirutfashiononline'], 'timeago': '7 HOURS AGO'}",fashion13
https://instagram.fccu20-1.fna.fbcdn.net/v/t51.2885-15/295422637_2972770163015082_7142253272946578953_n.jpg?stp=dst-jpg_e35_p1080x1080&_nc_ht=instagram.fccu20-1.fna.fbcdn.net&_nc_cat=106&_nc_ohc=IpL7p7RnezgAX_maWh8&edm=ALQROFkBAAAA&ccb=7-5&ig_cache_key=Mjg4OTI4OTE2MTIxMzYxMjcxMw%3D%3D.2-ccb7-5&oh=00_AT9fyqZvvW1njP38dim8NIbRKz_PhC_poK__GS-07W5RuQ&oe=62E3ABDD&_nc_sid=30a2ef,"{'likes': '3 likes', 'username': 'unwindwithria', 'caption': 'PINK is always in Season üíì', 'hastag': ['#outfitoftheday #outfittoday #outfitinspo #outfitpost #outfitstyle #styleinspo #styleitwithflatlay #styleblogger #fashioninspo #fashionstyle #fashiongram #fashionaddict #lookbook #lookoftheday #onlineshopping #onlinefashionstore #womenfashion #shoplocal #pinkdress #dresstoimpress #summerdress #summerfashion #dubaifashion #dubaifashionblogger #mydubai #myuae #aindubai #dubaieye'], 'timeago': '5 HOURS AGO'}",fashion14
https://instagram.fccu20-1.fna.fbcdn.net/v/t51.2885-15/295350583_5318477204900273_6090719160107418052_n.jpg?stp=dst-jpg_e35_p1080x1080&_nc_ht=instagram.fccu20-1.fna.fbcdn.net&_nc_cat=105&_nc_ohc=ZB0ZzHsEn80AX_zRpgN&edm=ALQROFkBAAAA&ccb=7-5&ig_cache_key=Mjg4OTMwNTU5NDEyNzI3MTQyNQ%3D%3D.2-ccb7-5&oh=00_AT-1mnXQAZkfN-oBRU4MOEZmyFRQXbeCXnXKcI61K-SYJg&oe=62E3F9B0&_nc_sid=30a2ef,"{'likes': '25 likes', 'username': 'empress.land', 'caption': '‚ñ™Ô∏èNEWCOLLECTION‚ñ™Ô∏è', 'hastag': ['#ŸÑÿ®ÿßÿ≥ #ÿßÿ≥Ÿæÿ±ÿ™ #ÿßÿ≥Ÿæÿ±ÿ™_ÿØÿÆÿ™ÿ±ÿßŸÜŸá #ÿßÿ≥ÿ™ÿßŸäŸÑ #ÿßÿ≥ÿ™ÿßŸäŸÑ_ÿ¥ŸäŸÉ #ÿßÿ≥ÿ™ÿßŸäŸÑ_ÿ¨ÿØŸäÿØ #ÿßÿ≥ÿ™ÿßŸäŸÑ_ÿÆŸäÿßÿ®ÿßŸÜŸä #ŸÖÿßŸÜÿ™Ÿà #ÿ¥ŸàŸÖ€åÿ≤ #ÿ¥ŸÑŸàÿßÿ± #ÿØÿÆÿ™ÿ±ŸàŸÜŸá #ÿØÿÆÿ™ÿ±ÿßŸÜŸá #ÿÆÿßÿµ #ÿÆÿßÿµ_Ÿæÿ≥ŸÜÿØ #ÿÆÿßÿµ_ÿ®ÿßÿ¥€åÿØ #ÿ¥ŸäŸÉ #ŸÑÿßŸÉ⁄Üÿ±Ÿâluxury #ÿØŸäÿ≤ÿßŸäŸÜ', '#ÿßŸÖŸæÿ±ÿ≥ŸÑŸÜÿØ #ÿßŸàÿ±ÿßŸÑ #ŸÜ€åŸà⁄©ÿßŸÑ⁄©ÿ¥ŸÜ', '#women #womenstyle #womenfashion #womenwear #fashion #fashionstyle #explore #disign #emiefashion'], 'timeago': '5 HOURS AGO'}",fashion15
https://instagram.fccu20-1.fna.fbcdn.net/v/t51.2885-15/295178499_2546937178776537_5993473521262857498_n.webp?stp=dst-jpg_e35&_nc_ht=instagram.fccu20-1.fna.fbcdn.net&_nc_cat=109&_nc_ohc=p-L7xCKBT_kAX8pHih3&edm=ALQROFkBAAAA&ccb=7-5&ig_cache_key=Mjg4OTI0MjMxMjgzNzQzNDg2Mg%3D%3D.2-ccb7-5&oh=00_AT-ouv5lG03-i43AzrnaCMWKuVaj2bw9u976WYarOSgyxw&oe=62E39F22&_nc_sid=30a2ef,"{'likes': 'Be the first to like this', 'username': 'theuniqueclothing16', 'caption': 'üéâüéäü•≥ Designer Readymade Kurtisü•≥üéäüéâ', 'hastag': ['.#jaipurikurtis #ethnicwearonline #ethnicdresses#uniquecollection#womenfashion #cottonfabric #jaipurtextile #trending #blockprint #bestqualitydress#partywear #kurtis #trendingfashion #kaftan #tops #tiereddress #onlineshopping #dresses #onepiecelover'], 'timeago': '7 HOURS AGO'}",fashion16
https://instagram.fccu20-1.fna.fbcdn.net/v/t51.2885-15/295010385_718462322788882_8184383231319458479_n.webp?stp=dst-jpg_e35&_nc_ht=instagram.fccu20-1.fna.fbcdn.net&_nc_cat=110&_nc_ohc=1tFx6PtxIjEAX-3ZYYH&tn=2gI10avjJ4m3-WoU&edm=ALQROFkBAAAA&ccb=7-5&ig_cache_key=Mjg4OTMxMDk4MzQxNjE1NDM5Mg%3D%3D.2-ccb7-5&oh=00_AT95bkKNK2dyE86l-ATLsHIPcW4FiN0MrPB4gkOQhqbAdg&oe=62E51FE2&_nc_sid=30a2ef,"{'likes': '8 likes', 'username': '_fashion.culture__', 'caption': 'ùêÖùêöùê¨ùê°ùê¢ùê®ùêß l ùêñùêûùê¨ùê≠ùêûùê´ùêß ùêñùêûùêöùê´ l ùêéùêÆùê≠ùêüùê¢ùê≠', 'hastag': ['#reelsinstagram #discount #likeforlikes #viralreels #reelsinstagram #videoedits #westren #dress #explorepage #100 #wife #next #trendingreels #reelsinstagram #sale #offensivememes #instadaily #fashionstyle #stylefashion #stylist #womenfashion #wear #women #womenwear'], 'timeago': '5 HOURS AGO'}",fashion17
https://instagram.fccu20-1.fna.fbcdn.net/v/t51.2885-15/295105486_411929904085105_3464967772996462861_n.webp?stp=dst-jpg_e35_p1080x1080&_nc_ht=instagram.fccu20-1.fna.fbcdn.net&_nc_cat=101&_nc_ohc=M6CjQssKwasAX_F3YOQ&edm=ALQROFkBAAAA&ccb=7-5&ig_cache_key=Mjg4OTMwNDUzMDY1NTMyNzg1Ng%3D%3D.2-ccb7-5&oh=00_AT-YiOkp_hQExCHX8CsTPOix_Aiq7Wb4ESwGgiNw4AI50Q&oe=62E3F91B&_nc_sid=30a2ef,"{'likes': '3 likes', 'username': 'multan_arts_fabrics', 'caption': '#New Trending Arrivals 2k22‚ù§Ô∏èü•Ä', 'hastag': ['#New Trending Arrivals 2k22‚ù§Ô∏èü•Ä', '#Shirt Lawn embroidered galla daman', '#Dupatta chiffon embroidered', '#trouser lawn embroidered', '#Cashüí∏ On Deliveryüì¶ All Over Pakistan', '#multan_arts #Fashion #InstaFashion #Pakistanifashion #Pakistanidesignerwear #Desiwear #Pakistaniclothes #StreetStyle #Stylish #WomenFashion #InstaStyle #multan_arts #LookBook #Pakistanicouture #StyleBlog #Blog #StyleBlogger #OutfitOfTheDay #PakistanFashion #Handmadedress #instagood #Sale @multan_arts_fabrics'], 'timeago': '5 HOURS AGO'}",fashion18
https://instagram.fccu20-1.fna.fbcdn.net/v/t51.2885-15/295096955_123390390404852_571142758454646353_n.jpg?stp=dst-jpg_e35_p1080x1080&_nc_ht=instagram.fccu20-1.fna.fbcdn.net&_nc_cat=108&_nc_ohc=XHpSlxv-pxwAX-IArya&tn=2gI10avjJ4m3-WoU&edm=ALQROFkBAAAA&ccb=7-5&ig_cache_key=Mjg4OTM0MTY4OTE3MDIwMDUzNg%3D%3D.2-ccb7-5&oh=00_AT-gNqHJr2T-bRlTrFV41EB6xdB-pAsC0X5LayEeGVJrPw&oe=62E4192C&_nc_sid=30a2ef,"{'likes': 'Be the first to like this', 'username': 'trending_fashions001', 'caption': 'New newüòçüî•üî•üî•üî•üëåüëå', 'hastag': ['#fashionstyle #womenfashion #mensfashion #trendingfashion #wcb #kingkiba #diamondplatnumz #fashionupdate2020 #uptodatefashionandstyles #fashioncop #foreverlivingproducts #foreveliving #zarithebosslady #Gnld #wanawakelive #wanawaketunaweza #joycekiriasuperwoman #afroswag #officialzuchuuog #mangekimambi #tzshaderoomog #jumalokole #jaymaudaku #wanawakelive #kondeboy #khangazamombasa #Nandy #harmonize .'], 'timeago': '4 HOURS AGO'}",fashion19
https://instagram.fccu20-1.fna.fbcdn.net/v/t51.2885-15/295020072_381043160825917_419342864038041067_n.jpg?stp=dst-jpg_e15_p640x640&_nc_ht=instagram.fccu20-1.fna.fbcdn.net&_nc_cat=101&_nc_ohc=IsLRz_zE_HMAX_mGXP5&edm=ALQROFkBAAAA&ccb=7-5&ig_cache_key=Mjg4OTI4MDMxOTE1NDc4ODQ4MA%3D%3D.2-ccb7-5&oh=00_AT-zdGcX_3vp4eHy0EgYpPsJJf814e3i3bxwX1L2ZufKvw&oe=62E488E7&_nc_sid=30a2ef,"{'likes': 'Be the first to like this', 'username': 'mpr.fashions', 'caption': 'Pure Georgette saree Digital Printed With Lace Border', 'hastag': ['#mprfashions #sarees #sareelove #silk #softsilksarees #organza #linen #cotton #designersarees #partywear #banarasi #dupionsilk #kurtilover #kurtilove #kurtis #longgowns #koramuslinsarees #kota #embroidery #women #womenclothing #womenfashion #fashion #readymadeblouses #aariworkblouse #sequencesaree #tissue #jutesilksarees'], 'timeago': '6 HOURS AGO'}",fashion20
https://instagram.fccu20-1.fna.fbcdn.net/v/t51.2885-15/295227552_404425798418950_2550612698350726317_n.jpg?stp=dst-jpg_e35_p1080x1080&_nc_ht=instagram.fccu20-1.fna.fbcdn.net&_nc_cat=110&_nc_ohc=DPZflGzOE5wAX8fmCsz&edm=ALQROFkBAAAA&ccb=7-5&ig_cache_key=Mjg4OTMzMDgyMzc1ODQxNDAyMA%3D%3D.2-ccb7-5&oh=00_AT_IvGr-HGHqpAwOa0Wip-UxLb9vZQNMmpStXE325EU5Wg&oe=62E4CCAE&_nc_sid=30a2ef,"{'likes': 'Be the first to like this', 'username': 'trending_fashions001', 'caption': 'New newüòçüî•üî•üî•üî•üëåüëå', 'hastag': ['#fashionstyle #womenfashion #mensfashion #trendingfashion #wcb #kingkiba #diamondplatnumz #fashionupdate2020 #uptodatefashionandstyles #fashioncop #foreverlivingproducts #foreveliving #zarithebosslady #Gnld #wanawakelive #wanawaketunaweza #joycekiriasuperwoman #afroswag #officialzuchuuog #mangekimambi #tzshaderoomog #jumalokole #jaymaudaku #wanawakelive #kondeboy #khangazamombasa #Nandy #harmonize .'], 'timeago': '4 HOURS AGO'}",fashion21
https://instagram.fccu20-1.fna.fbcdn.net/v/t51.2885-15/295684988_3207017909544909_3930537931544556657_n.jpg?stp=dst-jpg_e35_p1080x1080&_nc_ht=instagram.fccu20-1.fna.fbcdn.net&_nc_cat=109&_nc_ohc=6NMI5J7XSGEAX_67qwe&tn=2gI10avjJ4m3-WoU&edm=ALQROFkBAAAA&ccb=7-5&ig_cache_key=Mjg4OTQwMzE1NzE1NjU1NTA0NQ%3D%3D.2-ccb7-5&oh=00_AT9UlZW9mj3hzZW7AQU3jrBbvJiGZymd7842-vHFwL9W4g&oe=62E51571&_nc_sid=30a2ef,"{'likes': 'Be the first to like this', 'username': 'trending_fashions001', 'caption': 'New newüòçüî•üî•üî•üî•üëåüëå', 'hastag': ['#fashionstyle #womenfashion #mensfashion #trendingfashion #wcb #kingkiba #diamondplatnumz #fashionupdate2020 #uptodatefashionandstyles #fashioncop #foreverlivingproducts #foreveliving #zarithebosslady #Gnld #wanawakelive #wanawaketunaweza #joycekiriasuperwoman #afroswag #officialzuchuuog #mangekimambi #tzshaderoomog #jumalokole #jaymaudaku #wanawakelive #kondeboy #khangazamombasa #Nandy #harmonize .'], 'timeago': '2 HOURS AGO'}",fashion22
https://instagram.fccu20-1.fna.fbcdn.net/v/t51.2885-15/295041166_109080255147612_4133285540150900997_n.webp?stp=dst-jpg_e35_p1080x1080&_nc_ht=instagram.fccu20-1.fna.fbcdn.net&_nc_cat=100&_nc_ohc=4ev2ErqLu-AAX8FuXm_&edm=ALQROFkBAAAA&ccb=7-5&ig_cache_key=Mjg4OTI3MDU5MTU4MTc4NzQwMw%3D%3D.2-ccb7-5&oh=00_AT8_pAQNpjt5XS3UXqaVKZhsEiiw22jvf1hJxuwiyVYLzw&oe=62E36F90&_nc_sid=30a2ef,"{'likes': 'Be the first to like this', 'username': 'theuniqueclothing16', 'caption': 'üéâüéäü•≥ Designer Readymade Kurtisü•≥üéäüéâ', 'hastag': ['.#jaipurikurtis #ethnicwearonline #ethnicdresses#uniquecollection#womenfashion #cottonfabric #jaipurtextile #trending #blockprint #bestqualitydress#partywear #kurtis #trendingfashion #kaftan #tops #tiereddress #onlineshopping #dresses #onepiecelover'], 'timeago': '6 HOURS AGO'}",fashion23
https://instagram.fccu20-1.fna.fbcdn.net/v/t51.2885-15/295025416_627124548818492_4086364704389991471_n.jpg?stp=dst-jpg_e35_p1080x1080&_nc_ht=instagram.fccu20-1.fna.fbcdn.net&_nc_cat=108&_nc_ohc=ZEibyNv_7IwAX-nDgj1&edm=ALQROFkBAAAA&ccb=7-5&ig_cache_key=Mjg4ODg0Nzg3MjA4OTY5Njg0NA%3D%3D.2-ccb7-5&oh=00_AT8pCIPdBZD93qaVVRYSMzJlqgxw6FClEyJZZZeyAqO1vw&oe=62E4CD63&_nc_sid=30a2ef,"{'likes': '3,917 likes', 'username': 'ioana_dascalu', 'caption': 'There‚Äôs no sadness in sunsets.', 'hastag': ['#instagram #instagood #goodvibes #explore #explorepage #influencer #nature #women #zara #womenfashion #colorful #sky #makeup #naturalmakeup #womensupportingwomen #fashion #fashionista #instafashion #glowingskin #sunset', '#beautyful üòç'], 'timeago': '20 HOURS AGO'}",fashion24
https://instagram.fccu20-1.fna.fbcdn.net/v/t51.2885-15/295084245_361977912758393_7057561236435914744_n.webp?stp=dst-jpg_e35&_nc_ht=instagram.fccu20-1.fna.fbcdn.net&_nc_cat=105&_nc_ohc=P_LA3TsVi04AX8R-w1g&edm=ALQROFkBAAAA&ccb=7-5&ig_cache_key=Mjg4OTI3MTA3MTcyNTYwNTI1NA%3D%3D.2-ccb7-5&oh=00_AT_hY9LSACisWIm3sLDFxmpiPWdBHb4pC1y8kZkKynW9_A&oe=62E4D205&_nc_sid=30a2ef,"{'likes': '19 likes', 'username': 'smiling_girlpriti', 'caption': 'Beautiful day and happy me', 'hastag': ['#instalove#instagram#instapic#instatrending#love#nature#smile#women#womenfashion#womenfashionwear#fashion#fashionwear#womenwear'], 'timeago': '6 HOURS AGO'}",fashion25
https://instagram.fccu20-1.fna.fbcdn.net/v/t51.2885-15/295449378_434009875295221_2791218513937055016_n.jpg?stp=dst-jpg_e35_p1080x1080&_nc_ht=instagram.fccu20-1.fna.fbcdn.net&_nc_cat=101&_nc_ohc=EMtIF4wS6ssAX9S_YC4&edm=ALQROFkBAAAA&ccb=7-5&ig_cache_key=Mjg4OTM1OTM4MjU1NDk0MDgxNw%3D%3D.2-ccb7-5&oh=00_AT9gbiiXWzfqvPWXal9nrNvs2kFfjjkYaWo3FRakpR50qA&oe=62E36B61&_nc_sid=30a2ef,"{'likes': '389 likes', 'username': 'adele_buisson', 'caption': 'PERFECT MATCH ‚ö°Ô∏èüíï', 'hastag': ['#cotedazur #cannes #frenchmodel #germanmodel #blondandbrunette #perfectmatch #womenfashion #antibes #swimwearfashion #confidenceissexy #discoverunder20k #modelphoto'], 'timeago': '3 HOURS AGO'}",fashion26
https://instagram.fccu20-1.fna.fbcdn.net/v/t51.2885-15/295180803_4825479130886838_4009551875074227827_n.jpg?stp=dst-jpg_e35_p1080x1080&_nc_ht=instagram.fccu20-1.fna.fbcdn.net&_nc_cat=106&_nc_ohc=4d11rD9q0eoAX9Ea-1m&edm=ALQROFkBAAAA&ccb=7-5&ig_cache_key=Mjg4OTMxNzA3MDM3MzEyMzk1OA%3D%3D.2-ccb7-5&oh=00_AT9BjAl1WQBCUsP6iuPLAHh4Mn9r1t1jBa30xNz9Tjm7LA&oe=62E4672C&_nc_sid=30a2ef,"{'likes': 'Be the first to like this', 'username': 'secondhandshop_secondchange', 'caption': '–î–∞–º—Å–∫–∏ –¥—ä–Ω–∫–∏ –¶–µ–Ω–∞: 40–ª–≤ #secondhand #secondbranded #women #womanstyle #womenfashion #–≤—Ç–æ—Ä–∞—Ä—ä–∫–∞–¥—Ä–µ—Ö–∏ #–≤—Ç–æ—Ä–∞—Ä—ä–∫–∞ #–≤—Ç–æ—Ä–∞—É–ø–æ—Ç—Ä–µ–±–∞ #–≤—Ç–æ—Ä–∞—É–ø–æ—Ç—Ä–µ–±–∞–æ–Ω–ª–∞–π–Ω', 'hastag': ['–î–∞–º—Å–∫–∏ –¥—ä–Ω–∫–∏ –¶–µ–Ω–∞: 40–ª–≤ #secondhand #secondbranded #women #womanstyle #womenfashion #–≤—Ç–æ—Ä–∞—Ä—ä–∫–∞–¥—Ä–µ—Ö–∏ #–≤—Ç–æ—Ä–∞—Ä—ä–∫–∞ #–≤—Ç–æ—Ä–∞—É–ø–æ—Ç—Ä–µ–±–∞ #–≤—Ç–æ—Ä–∞—É–ø–æ—Ç—Ä–µ–±–∞–æ–Ω–ª–∞–π–Ω'], 'timeago': '4 HOURS AGO'}",fashion27
https://instagram.fccu20-1.fna.fbcdn.net/v/t51.2885-15/295434095_185760057150403_7231509964326872080_n.jpg?stp=dst-jpg_e35_p1080x1080&_nc_ht=instagram.fccu20-1.fna.fbcdn.net&_nc_cat=107&_nc_ohc=FGYLIbEEvc4AX9hsND6&edm=ALQROFkBAAAA&ccb=7-5&ig_cache_key=Mjg4OTM3MjM0MzUwMDc2MTI3OQ%3D%3D.2-ccb7-5&oh=00_AT8RSi8KcFU9eCl0NsImzZmaXeZdaobj1tMgdx9ZoToycA&oe=62E3E083&_nc_sid=30a2ef,"{'likes': '1 like', 'username': 'norfandivat', 'caption': '#newcollection #summerstyle #onesize #womenfashion #5990.-', 'hastag': ['#newcollection #summerstyle #onesize #womenfashion #5990.-'], 'timeago': '3 HOURS AGO'}",fashion28
https://instagram.fccu20-1.fna.fbcdn.net/v/t51.2885-15/295180199_5341314815923454_6585252995180873166_n.jpg?stp=dst-jpg_e35_p1080x1080&_nc_ht=instagram.fccu20-1.fna.fbcdn.net&_nc_cat=102&_nc_ohc=xYcvtC_uO8EAX_kC8de&edm=ALQROFkBAAAA&ccb=7-5&ig_cache_key=Mjg4OTM2MDAwMTM2NjEwMjUyMw%3D%3D.2-ccb7-5&oh=00_AT9BuwAkLD1xniLNc4d1uohBWby7QtHuFCbwzSGWVGavmw&oe=62E34A2D&_nc_sid=30a2ef,"{'likes': '14 likes', 'username': 'shop_wear_me', 'caption': 'Fit check‚Ä¶', 'hastag': ['#outfits #desingeroutfit #floralskirt #croptop #womenfashion #happyclient'], 'timeago': '3 HOURS AGO'}",fashion29
https://instagram.fccu20-1.fna.fbcdn.net/v/t51.2885-15/295068077_357261506585499_1419675975411940260_n.jpg?stp=dst-jpg_e35_p1080x1080&_nc_ht=instagram.fccu20-1.fna.fbcdn.net&_nc_cat=103&_nc_ohc=41hxvFyhoI0AX-G-gar&edm=ALQROFkBAAAA&ccb=7-5&ig_cache_key=Mjg4OTM3NTY3NTA3MDA2NTY3MA%3D%3D.2-ccb7-5&oh=00_AT9LOa19GpG2JRSdOd_jgHz5VsFhGeB74iqYx2AphsbD6g&oe=62E42B86&_nc_sid=30a2ef,"{'likes': '63 likes', 'username': 'despina_sabrina', 'caption': 'You‚Äòre a diamond dear, they cant break you. üíé', 'hastag': ['#happy #thankful #mom #momoftwo #proud #blessed #women #blonde #zara #fashion #ootd #womenfashion #july #summer #greek #greekwomen #natural'], 'timeago': '3 HOURS AGO'}",fashion30
https://instagram.fccu20-1.fna.fbcdn.net/v/t51.2885-15/295628108_612762543484445_5166282326246337666_n.jpg?stp=dst-jpg_e35_p1080x1080&_nc_ht=instagram.fccu20-1.fna.fbcdn.net&_nc_cat=105&_nc_ohc=FEzzcG0sZx4AX8w8yRq&edm=ALQROFkBAAAA&ccb=7-5&ig_cache_key=Mjg4OTMxNjQwNTg1MjcyMzY1Mw%3D%3D.2-ccb7-5&oh=00_AT_H4GfQj5aoz303wTyYuBiuCpjnaIa5yh2gDNBLfgb7Bw&oe=62E3EF8F&_nc_sid=30a2ef,"{'likes': 'Be the first to like this', 'username': 'secondhandshop_secondchange', 'caption': '–î–∞–º—Å–∫–∏ –¥—ä–Ω–∫–∏ —Å –≤–∏—Å–æ–∫–∞ —Ç–∞–ª–∏—è –∏ –ø—Ä–æ–∫—ä—Å–∞–Ω –∞–∫—Ü–µ–Ω—Ç –≤ –¥–æ–ª–Ω–∞—Ç–∞ —á–∞—Å—Ç –†–∞–∑–º–µ—Ä –õ –¶–µ–Ω–∞: 30–ª–≤ #secondhand #secondbranded #women #womanstyle #womenfashion #–≤—Ç–æ—Ä–∞—Ä—ä–∫–∞–¥—Ä–µ—Ö–∏ #–≤—Ç–æ—Ä–∞—Ä—ä–∫–∞ #–≤—Ç–æ—Ä–∞—É–ø–æ—Ç—Ä–µ–±–∞ #–≤—Ç–æ—Ä–∞—É–ø–æ—Ç—Ä–µ–±–∞–æ–Ω–ª–∞–π–Ω', 'hastag': ['–î–∞–º—Å–∫–∏ –¥—ä–Ω–∫–∏ —Å –≤–∏—Å–æ–∫–∞ —Ç–∞–ª–∏—è –∏ –ø—Ä–æ–∫—ä—Å–∞–Ω –∞–∫—Ü–µ–Ω—Ç –≤ –¥–æ–ª–Ω–∞—Ç–∞ —á–∞—Å—Ç –†–∞–∑–º–µ—Ä –õ –¶–µ–Ω–∞: 30–ª–≤ #secondhand #secondbranded #women #womanstyle #womenfashion #–≤—Ç–æ—Ä–∞—Ä—ä–∫–∞–¥—Ä–µ—Ö–∏ #–≤—Ç–æ—Ä–∞—Ä—ä–∫–∞ #–≤—Ç–æ—Ä–∞—É–ø–æ—Ç—Ä–µ–±–∞ #–≤—Ç–æ—Ä–∞—É–ø–æ—Ç—Ä–µ–±–∞–æ–Ω–ª–∞–π–Ω'], 'timeago': '4 HOURS AGO'}",fashion31
https://instagram.fccu20-1.fna.fbcdn.net/v/t51.2885-15/295095537_385543153686400_7773569328032246400_n.webp?stp=dst-jpg_e35&_nc_ht=instagram.fccu20-1.fna.fbcdn.net&_nc_cat=104&_nc_ohc=3DvVu15dMNsAX_wqjlj&edm=ALQROFkBAAAA&ccb=7-5&ig_cache_key=Mjg4OTMwNjYzOTk1MjE1NjY4Ng%3D%3D.2-ccb7-5&oh=00_AT-AiRZl-1TsV-BwSkgC-L6AZuWCLypC18QjfoRrVi-5Pg&oe=62E4BD05&_nc_sid=30a2ef,"{'likes': '1 like', 'username': 'limario.gdparis', 'caption': '""Our Pretty, Ambassador! üíô""', 'hastag': ['#godofparis #japanese #japan #collab #freejewelries #ambassador #jewelryoftheday #ambassadors #instagood #photooftheday #selca #highqualityjewels #fashion #womenfashionstyle #womenfashion #ootd #fashionootd #ootdinspiration #ootdstyle #brandambassador #brandambassadorsearch'], 'timeago': '5 HOURS AGO'}",fashion32
https://instagram.fccu20-1.fna.fbcdn.net/v/t51.2885-15/295420348_393100189379325_4847672426522179009_n.webp?stp=dst-jpg_e35&_nc_ht=instagram.fccu20-1.fna.fbcdn.net&_nc_cat=109&_nc_ohc=2AtfCIH0gB4AX-HN-1r&tn=2gI10avjJ4m3-WoU&edm=ALQROFkBAAAA&ccb=7-5&ig_cache_key=Mjg4OTI4ODQyMzE2NzE3MjgxNQ%3D%3D.2-ccb7-5&oh=00_AT-5xRtUrWKehYUq9kb9Ddv2wXfsARya3nQ4jSOoYMMMzg&oe=62E415AA&_nc_sid=30a2ef,"{'likes': '1 like', 'username': 'tidy_fella', 'caption': 'Self tie shoulder shirred back dress ‚ù§Ô∏è', 'hastag': ['#Womenclothing', '#frockdesigns #frockstyle #womenfashion #womenswear #tidyfella #'], 'timeago': '5 HOURS AGO'}",fashion33
https://instagram.fccu20-1.fna.fbcdn.net/v/t51.2885-15/295175286_127797616419236_3606718916418377443_n.webp?stp=dst-jpg_e35&_nc_ht=instagram.fccu20-1.fna.fbcdn.net&_nc_cat=108&_nc_ohc=Dsaf_cLtwukAX-JDTJ1&edm=ALQROFkBAAAA&ccb=7-5&ig_cache_key=Mjg4OTM0NjIwOTk0OTY5NTE4MQ%3D%3D.2-ccb7-5&oh=00_AT9pFaK8bj5gYGwRmJJk8S1fmFc1aYjfN5IpMoCeB968bA&oe=62E4B7E1&_nc_sid=30a2ef,"{'likes': '1 like', 'username': 'luxury_bridal12', 'caption': 'For more information +923166001795 We can Customize any outfit the way you want including Color, Size, Embroidery, Embellishments, Designs and Patterns. Deliver worldwide stitched & customized stitching. 95% of our customers believe that the product is as shown in the pictures.#pakistanidresses #pakistanifashion #asiandresses #desidresses #pakistaniweddings #pakistaniclothes #kuwaitwomen #partywear #formaldresses #fashionblogger #tulipshalwar #womenfashion #instafashion #weddingdresses #pakistanifashionblogger #usa #ksa #lehngacholi #bridaldresses #pakistanicouture #bridalcoutureweek #fabbyamirah_official #usafashion #uae #weekendmagazine #kuwait #ebuzztoday #londonfashion #washingtondc #newyork', 'hastag': ['For more information +923166001795 We can Customize any outfit the way you want including Color, Size, Embroidery, Embellishments, Designs and Patterns. Deliver worldwide stitched & customized stitching. 95% of our customers believe that the product is as shown in the pictures.#pakistanidresses #pakistanifashion #asiandresses #desidresses #pakistaniweddings #pakistaniclothes #kuwaitwomen #partywear #formaldresses #fashionblogger #tulipshalwar #womenfashion #instafashion #weddingdresses #pakistanifashionblogger #usa #ksa #lehngacholi #bridaldresses #pakistanicouture #bridalcoutureweek #fabbyamirah_official #usafashion #uae #weekendmagazine #kuwait #ebuzztoday #londonfashion #washingtondc #newyork'], 'timeago': '3 HOURS AGO'}",fashion34
https://instagram.fccu20-1.fna.fbcdn.net/v/t51.2885-15/295794413_374303334848297_2464869612316628489_n.webp?stp=dst-jpg_e35&_nc_ht=instagram.fccu20-1.fna.fbcdn.net&_nc_cat=105&_nc_ohc=6OF84StXjTMAX9qBT-D&edm=ALQROFkBAAAA&ccb=7-5&ig_cache_key=Mjg4OTQwMTI4NjE5NDY2NDc3NQ%3D%3D.2-ccb7-5&oh=00_AT-FBX9V885CFBqomVHDLWRHV1rk_c6Zds8mbXzZePKnog&oe=62E3D1FF&_nc_sid=30a2ef,"{'likes': 'Be the first to like this', 'username': 'pal.couture', 'caption': '*Exclusive collection*', 'hastag': ['#pal.couture #Vogue #fashion #lifestyle #westernoutfits #instafashion #glam #indowestern #itsmystyle #outfitoftheday #newlook #dailylooks #itsallaboutfashion #fashionstyle #style #ootd #trendingfashion #gowns', '#dress #fashionstyle #summeroutfit #suits #handworksuits #designerwear #empowher #womenfashion #smallbusiness #cordset #kurtiset #womensupportingwomen #mumbai'], 'timeago': '2 HOURS AGO'}",fashion35
https://instagram.fccu20-1.fna.fbcdn.net/v/t51.2885-15/295227884_767823207673468_477852785558213892_n.jpg?stp=dst-jpg_e15_p640x640&_nc_ht=instagram.fccu20-1.fna.fbcdn.net&_nc_cat=104&_nc_ohc=VBaPHRew2kQAX_oqXyU&edm=ALQROFkBAAAA&ccb=7-5&ig_cache_key=Mjg4OTI1NTQxOTQ0MDc2NTYzNQ%3D%3D.2-ccb7-5&oh=00_AT-A0VDbq2g5mf1zxIsQxtnpHW2mx3Aj4fz-63uW27Si8Q&oe=62E52A87&_nc_sid=30a2ef,"{'likes': '1 like', 'username': 'indian___outfit___', 'caption': '@indian___outfit___', 'hastag': ['#indian___outfit___#womenfashion #explorepage #explorepage‚ú® #exploremore #fashion #fashionstyle #fashionista #fashionable #trendyoutfits #instagram #shopnow'], 'timeago': '7 HOURS AGO'}",fashion36
https://instagram.fccu20-1.fna.fbcdn.net/v/t51.2885-15/295759592_1035362367110586_3665535280295886622_n.jpg?stp=dst-jpg_e35_p1080x1080&_nc_ht=instagram.fccu20-1.fna.fbcdn.net&_nc_cat=106&_nc_ohc=nyI2nw5OV-QAX8qLNuH&edm=ALQROFkBAAAA&ccb=7-5&ig_cache_key=Mjg4OTMzMjU3NjI1NjE0MjkwOQ%3D%3D.2-ccb7-5&oh=00_AT84Sk6oQ-Oq1vnk-6ZeFfr9CayaGLXIdPUgSlv33lBBBg&oe=62E532D7&_nc_sid=30a2ef,"{'likes': 'Be the first to like this', 'username': 'trending_fashions001', 'caption': 'New newüòçüî•üî•üî•üî•üëåüëå', 'hastag': ['#fashionstyle #womenfashion #mensfashion #trendingfashion #wcb #kingkiba #diamondplatnumz #fashionupdate2020 #uptodatefashionandstyles #fashioncop #foreverlivingproducts #foreveliving #zarithebosslady #Gnld #wanawakelive #wanawaketunaweza #joycekiriasuperwoman #afroswag #officialzuchuuog #mangekimambi #tzshaderoomog #jumalokole #jaymaudaku #wanawakelive #kondeboy #khangazamombasa #Nandy #harmonize .'], 'timeago': '4 HOURS AGO'}",fashion37
https://instagram.fccu20-1.fna.fbcdn.net/v/t51.2885-15/295325465_372683248158070_4884699821480041557_n.jpg?stp=dst-jpg_e35_p1080x1080&_nc_ht=instagram.fccu20-1.fna.fbcdn.net&_nc_cat=110&_nc_ohc=3PGAe-FgaggAX_ecdNU&edm=ALQROFkBAAAA&ccb=7-5&ig_cache_key=Mjg4OTM0MTE2MjI3MDA2MzE3NA%3D%3D.2-ccb7-5&oh=00_AT8S1sh8PNvs4dNYMg_oLQqPQl-G9AJzMJM1FD8KC9D50w&oe=62E375FB&_nc_sid=30a2ef,"{'likes': '3 likes', 'username': 'heyerin._', 'caption': 'Our current muse ü§ç', 'hastag': ['#heyerin #jewelry #jewellery #perhiasan #crystals #handmade #handmadejewelry #brandindonesia #indonesiabrand #fashion #womenfashion #brooch #pearl #bodyjewelry'], 'timeago': '4 HOURS AGO'}",fashion38
https://instagram.fccu20-1.fna.fbcdn.net/v/t51.2885-15/295525163_1394214997767601_3596489568841613828_n.jpg?stp=dst-jpg_e35_p750x750_sh0.08&_nc_ht=instagram.fccu20-1.fna.fbcdn.net&_nc_cat=101&_nc_ohc=zOpjEdl-lbcAX_um-F9&edm=ALQROFkBAAAA&ccb=7-5&ig_cache_key=Mjg4OTI4NjE4MDE0ODMyNzU3MA%3D%3D.2-ccb7-5&oh=00_AT8vzDIeg1xX56YS7Dx3rGoTGx0M4g_ynX_4gYrB2jvd6w&oe=62E47260&_nc_sid=30a2ef,"{'likes': 'Be the first to like this', 'username': 'rumaysha_attire', 'caption': 'Kaki wanita adalah sebahagian daripada aurat. Jadi jom tutup aurat dengan stokin silvy opaque yang superselesa ni.', 'hastag': ['#StokinSilvyOpaque', '#StokinMesir', '#StokinTebal', '#StokinSilvyOpaque', '#StokinMesir', '#StockLimited', '##hijabmasakini #muslimmoms #bajumurah #womenfashion #blouse #sayajualbaju #blouselabuhcantik #muslimmom #shawlsingapore #bajulabuh #proudmuslim #singaporefashion #muslimmompreneur #muslimmombloggers #fashionvaletsg #hijabbloger #ilovehijab #blousedesign #blouseselesa #skirt #blouseplain #blousemenyusu #sgshawl #blousecomocrepe'], 'timeago': '6 HOURS AGO'}",fashion39
https://instagram.fccu20-1.fna.fbcdn.net/v/t51.2885-15/295266206_569960024624103_7224483154925225935_n.jpg?stp=dst-jpg_e35_p1080x1080&_nc_ht=instagram.fccu20-1.fna.fbcdn.net&_nc_cat=103&_nc_ohc=BzH8_rFgRt0AX9iQtLy&edm=ALQROFkBAAAA&ccb=7-5&ig_cache_key=Mjg4OTMyOTMwMTMxNTM2MjU5NA%3D%3D.2-ccb7-5&oh=00_AT9wEIzjuO29pF5vyJKlxaHvwG0hWwZKpJjwW8xx4yRSEQ&oe=62E4BCA9&_nc_sid=30a2ef,"{'likes': '16 likes', 'username': 'hey.girls00', 'caption': '4pcs solid crop knit Top', 'hastag': ['#womenfashion #fashion #style'], 'timeago': '4 HOURS AGO'}",fashion40
https://instagram.fccu20-1.fna.fbcdn.net/v/t51.2885-15/295052511_187065667096015_4808235278885710875_n.jpg?stp=dst-jpg_e35_p1080x1080&_nc_ht=instagram.fccu20-1.fna.fbcdn.net&_nc_cat=107&_nc_ohc=etM4oOzYUvAAX8t3T4f&edm=ALQROFkBAAAA&ccb=7-5&ig_cache_key=Mjg4OTI3NzcyMDQ0Njc2NTIxOA%3D%3D.2-ccb7-5&oh=00_AT9HmQDL_MZ-HEpECg4_UDtKTuBHaBu5QgOsz30k9jCv6A&oe=62E4C936&_nc_sid=30a2ef,"{'likes': '9 likes', 'username': 'ekampreet_0036', 'caption': 'follow the trend ‚Ä¶‚úåüèªüíìüëöi feel these days bright color in trend ..nd follow me for new projects related fashion ü§üüèª#newpost #instagood #instagram #sewing #fasion #shirt #selfmade #selfmadewomen #womenfashion #instalike #trending @thisiskachi @fashionnova', 'hastag': ['follow the trend ‚Ä¶‚úåüèªüíìüëöi feel these days bright color in trend ..nd follow me for new projects related fashion ü§üüèª#newpost #instagood #instagram #sewing #fasion #shirt #selfmade #selfmadewomen #womenfashion #instalike #trending @thisiskachi @fashionnova'], 'timeago': '6 HOURS AGO'}",fashion41
https://instagram.fccu20-1.fna.fbcdn.net/v/t51.2885-15/295312194_1380999119049658_1074358498786907794_n.jpg?stp=dst-jpg_e15_fr_p1080x1080&_nc_ht=instagram.fccu20-1.fna.fbcdn.net&_nc_cat=110&_nc_ohc=t1-5_kkekNAAX_Wuujc&edm=ALQROFkBAAAA&ccb=7-5&ig_cache_key=Mjg4OTI5OTkwMjEzMjA4NzUxOQ%3D%3D.2-ccb7-5&oh=00_AT-XG9F-T9YyB8FnQfJwXlS-OGb6FzL0cXxWljdvvcvSRQ&oe=62E41715&_nc_sid=30a2ef,"{'likes': '9 likes', 'username': 'ziquesalonspa', 'caption': 'Date with your best friend ? What other better option than some #selflove ? Why not treat your crowning glory to some TLC with a deep nourishing hair spa session ?', 'hastag': ['Date with your best friend ? What other better option than some #selflove ? Why not treat your crowning glory to some TLC with a deep nourishing hair spa session ?', 'These two young women @subapk and @_nikitha_28 got a relaxing session of #paulmitchell peppermint #hairspa done by our crew .', '#hairtransformation #hairgoals #chenniasalon #hairmakeover #ziquesalonspa #layercut #beachhair #beachwaves #wavyhair#womenhairstyles #ladieshaircut #shorthair #customisedhaircut #salonsofchennai #chennai #hairlove #goodhairday #healthyhair #womenfashion #nungambakkam #clientdiaries #happycustomers #happyclients'], 'timeago': '5 HOURS AGO'}",fashion42
https://instagram.fccu20-1.fna.fbcdn.net/v/t51.2885-15/295116929_434484385361330_5465448362668910709_n.jpg?stp=dst-jpg_e35_p1080x1080&_nc_ht=instagram.fccu20-1.fna.fbcdn.net&_nc_cat=102&_nc_ohc=VmBcZXIPWygAX8oOrjs&edm=ALQROFkBAAAA&ccb=7-5&ig_cache_key=Mjg4OTM4NTgxNTkxNDQ3MzQzNA%3D%3D.2-ccb7-5&oh=00_AT85U1ReEzK_846lOegJJvuazGkw0IX1pflr5LxIDZVJCA&oe=62E533E9&_nc_sid=30a2ef,"{'likes': '5 likes', 'username': 'nunuzi1', 'caption': 'MOD√àLE EN STOCK !!!', 'hastag': ['#nunuzi1 #finaltouch #chic #jewelry #design #new #newcollection #stylish #elegant #revealyourself #sunglasses #sunglassesfashion #sun #jewelrymaking #jewelrylover #jewelryoftheday #jewelrybusiness #women #womenfashion #womenswear #fashion #fashionista #fashionable #shopping #shoppingonline #shoppingtime #shoppingaddict #personalshopper #shoponline #shopsmallbusinesses'], 'timeago': '2 HOURS AGO'}",fashion43
https://instagram.fccu20-1.fna.fbcdn.net/v/t51.2885-15/295025414_1204921390050884_4744918234839440489_n.jpg?stp=dst-jpg_e35_p1080x1080&_nc_ht=instagram.fccu20-1.fna.fbcdn.net&_nc_cat=108&_nc_ohc=bsFxs8ag7OwAX-FIkqO&edm=ALQROFkBAAAA&ccb=7-5&ig_cache_key=Mjg4OTM2MDk2NDE1OTg2NTQ3Ng%3D%3D.2-ccb7-5&oh=00_AT-QEHFZIEUpwR33r8xbT6nwuNJXo7tyugXpQCKz6c5zsw&oe=62E48E9A&_nc_sid=30a2ef,"{'likes': '22 likes', 'username': 'libaembroideryofficial', 'caption': '‚≠êÔ∏è New Fancy Collection 2k22 ‚≠êÔ∏è', 'hastag': ['#libaembroideryofficial #fashion #streetfashion #neon #embroidery #cotton #summer #summervibes #spring #springfashion #onlineshopping #boutique #women #girls #girlsfashion #womenfashion #partywear #wedding #weddingdress #bridaldress #2022 #viral #viralvideos #trending #trend #sale #independenceday'], 'timeago': '3 HOURS AGO'}",fashion44
https://instagram.fccu20-1.fna.fbcdn.net/v/t51.2885-15/295470242_416384633789542_4859898637760743186_n.jpg?stp=dst-jpg_e35_p1080x1080&_nc_ht=instagram.fccu20-1.fna.fbcdn.net&_nc_cat=110&_nc_ohc=qeBJ1gSmjdoAX99-rd-&edm=ALQROFkBAAAA&ccb=7-5&ig_cache_key=Mjg4OTM2OTcwODgzMTkyNzQyNA%3D%3D.2-ccb7-5&oh=00_AT8FTvesWZf0OpSRPkyREoAwLYFTY02CNFzm7NZzvEMBSQ&oe=62E377CD&_nc_sid=30a2ef,"{'likes': '2 likes', 'username': 'norfandivat', 'caption': '#overal#holiday #womenfashion #sunshine #summer #summerstyle #onesize #5990.-', 'hastag': ['#overal#holiday #womenfashion #sunshine #summer #summerstyle #onesize #5990.-'], 'timeago': '3 HOURS AGO'}",fashion45
https://instagram.fccu20-1.fna.fbcdn.net/v/t51.2885-15/295225675_454770639828656_4217680690697067975_n.jpg?stp=dst-jpg_e35_s1080x1080&_nc_ht=instagram.fccu20-1.fna.fbcdn.net&_nc_cat=108&_nc_ohc=5-OVe3kbbWgAX_9HOh_&tn=2gI10avjJ4m3-WoU&edm=ALQROFkBAAAA&ccb=7-5&ig_cache_key=Mjg4OTQwMjcyMDM3ODY2MzYyMg%3D%3D.2-ccb7-5&oh=00_AT-JU3aeDkCrqLmC3MuWmoCqRI0s95JwhSUQkh_N5ueVGg&oe=62E36C62&_nc_sid=30a2ef,"{'likes': 'Be the first to like this', 'username': 'trending_fashions001', 'caption': 'New newüòçüî•üî•üî•üî•üëåüëå', 'hastag': ['#fashionstyle #womenfashion #mensfashion #trendingfashion #wcb #kingkiba #diamondplatnumz #fashionupdate2020 #uptodatefashionandstyles #fashioncop #foreverlivingproducts #foreveliving #zarithebosslady #Gnld #wanawakelive #wanawaketunaweza #joycekiriasuperwoman #afroswag #officialzuchuuog #mangekimambi #tzshaderoomog #jumalokole #jaymaudaku #wanawakelive #kondeboy #khangazamombasa #Nandy #harmonize .'], 'timeago': '2 HOURS AGO'}",fashion46
https://instagram.fccu20-1.fna.fbcdn.net/v/t51.2885-15/295635332_2148481241978165_6085783346122528139_n.jpg?stp=dst-jpg_e35_s750x750_sh0.08&_nc_ht=instagram.fccu20-1.fna.fbcdn.net&_nc_cat=105&_nc_ohc=2aS44R_zprsAX_YPlx_&edm=ALQROFkBAAAA&ccb=7-5&ig_cache_key=Mjg4OTM3ODA3NDg0MTU3Mjg0Mg%3D%3D.2-ccb7-5&oh=00_AT96EAPmEFXVGEi2_NpgPO-R2VOPMzVAywM1K2OPSStpZw&oe=62E39B44&_nc_sid=30a2ef,"{'likes': '2 likes', 'username': 'lauvantclothing', 'caption': 'Get a ‚ÄúCactus Jack‚Äù Tee today at an affordable price üè∑', 'hastag': ['#clothing #clothes #clothingbrand #shop #shopping #clothingstore #mensfashion #womenfashion #menwithstyle #store #mensclothing #womensclothing #style #fashion #drip #streetwear #causalwear #shirt #pants #jacket #outfit #stylish #makeup #shein #shopping #dress #dresses #croptops #shirt #travisscott #cactusjack #hoodie'], 'timeago': '2 HOURS AGO'}",fashion47
https://instagram.fccu20-1.fna.fbcdn.net/v/t51.2885-15/295242071_566063815210465_6528218582212664330_n.jpg?stp=dst-jpg_e35_p1080x1080&_nc_ht=instagram.fccu20-1.fna.fbcdn.net&_nc_cat=101&_nc_ohc=XWSb4x6vYzkAX8QUqpp&edm=ALQROFkBAAAA&ccb=7-5&ig_cache_key=Mjg4OTMxNzUwNjc1NjcxODU5MA%3D%3D.2-ccb7-5&oh=00_AT8G4Zd2Qwz-CgGZIOVs2fA_kXcOcKZcpOO6pKL9OWrIqw&oe=62E40E5F&_nc_sid=30a2ef,"{'likes': 'Be the first to like this', 'username': 'secondhandshop_secondchange', 'caption': '–î–∞–º—Å–∫–∏ –∫–æ–∂–µ–Ω –∫–ª–∏–Ω –†–∞–∑–º–µ—Ä –õ –¶–µ–Ω–∞ 20–ª–≤. #secondhand #secondbranded #women #womanstyle #womenfashion #–≤—Ç–æ—Ä–∞—Ä—ä–∫–∞–¥—Ä–µ—Ö–∏ #–≤—Ç–æ—Ä–∞—Ä—ä–∫–∞ #–≤—Ç–æ—Ä–∞—É–ø–æ—Ç—Ä–µ–±–∞ #–≤—Ç–æ—Ä–∞—É–ø–æ—Ç—Ä–µ–±–∞–æ–Ω–ª–∞–π–Ω', 'hastag': ['–î–∞–º—Å–∫–∏ –∫–æ–∂–µ–Ω –∫–ª–∏–Ω –†–∞–∑–º–µ—Ä –õ –¶–µ–Ω–∞ 20–ª–≤. #secondhand #secondbranded #women #womanstyle #womenfashion #–≤—Ç–æ—Ä–∞—Ä—ä–∫–∞–¥—Ä–µ—Ö–∏ #–≤—Ç–æ—Ä–∞—Ä—ä–∫–∞ #–≤—Ç–æ—Ä–∞—É–ø–æ—Ç—Ä–µ–±–∞ #–≤—Ç–æ—Ä–∞—É–ø–æ—Ç—Ä–µ–±–∞–æ–Ω–ª–∞–π–Ω'], 'timeago': '4 HOURS AGO'}",fashion48
https://instagram.fccu20-1.fna.fbcdn.net/v/t51.2885-15/295570543_1135794066976131_1816535246837648532_n.jpg?stp=dst-jpg_e35_p750x750_sh0.08&_nc_ht=instagram.fccu20-1.fna.fbcdn.net&_nc_cat=103&_nc_ohc=cC8bw0C39PcAX8tTK81&tn=2gI10avjJ4m3-WoU&edm=ALQROFkBAAAA&ccb=7-5&ig_cache_key=Mjg4OTM2NDMyMzQwNDY0NDQzNQ%3D%3D.2-ccb7-5&oh=00_AT8cOD1CCJ9X8KYIysAARKCJ34IUYpdVKCffiCdmr5SWGw&oe=62E3AD65&_nc_sid=30a2ef,"{'likes': '2 likes', 'username': 'lauvantclothing', 'caption': '3 Piece Men‚Äôs Korean Style Set available to purchase now on Lauvant.', 'hastag': ['#clothing #clothes #clothingbrand #shop #shopping #clothingstore #mensfashion #womenfashion #menwithstyle #store #mensclothing #womensclothing #style #fashion #drip #streetwear #causalwear #shirt #pants #jacket #outfit #stylish #makeup #shein #shopping #dress #dresses #croptops #shirt #tshirt #skirts #hoodie'], 'timeago': '3 HOURS AGO'}",fashion49
https://instagram.fccu20-1.fna.fbcdn.net/v/t51.2885-15/295356941_108099088581356_2361400866309763666_n.jpg?stp=dst-jpg_e15_fr_s1080x1080&_nc_ht=instagram.fccu20-1.fna.fbcdn.net&_nc_cat=108&_nc_ohc=sB3-s2zW_v4AX8qnM3u&edm=ALQROFkBAAAA&ccb=7-5&ig_cache_key=Mjg4OTM0Mjg4MDkxMzc2NDc5Mw%3D%3D.2-ccb7-5&oh=00_AT-UVdSjouxmhlVP6unFjKGOvQHSkt3-6mfPYV1PRwxfRQ&oe=62E4F76E&_nc_sid=30a2ef,"{'likes': '2 likes', 'username': 'fabsayofficial', 'caption': 'AADI SALES 2022!!!', 'hastag': ['#fabsay #fabsayofficial #combooff #aadisale #Aadi #aatreyikurtas #discountsale #palazzo #Aatreyikurtas #newarrivals2022 #latestcollection2022 #holidayspecial #cotton #womenfashion #cottonkurtas #kurta #womenswear #womensweardailydone #workingmum #trendingkurti #plainkurtis #plainkurti #workingwomenstyle #Casual #dailyuse #designKurta #women #fitandfashion #FreeShipping #dmfororders #worldwideavailable'], 'timeago': '4 HOURS AGO'}",fashion50
https://instagram.fccu20-1.fna.fbcdn.net/v/t51.2885-15/295242071_1139431013584679_2711770101054476300_n.webp?stp=dst-jpg_e35&_nc_ht=instagram.fccu20-1.fna.fbcdn.net&_nc_cat=111&_nc_ohc=UaYJoswOtpEAX-kUVgH&edm=ALQROFkBAAAA&ccb=7-5&ig_cache_key=Mjg4OTM4MjQxNzAwMjEzMTIwMg%3D%3D.2-ccb7-5&oh=00_AT8c639pdLBwmcAF04SalGOQNEtDBR3PYF_X-BZPR-kpiQ&oe=62E53494&_nc_sid=30a2ef,"{'likes': '8 likes', 'username': 'prifeya_official', 'caption': 'üòé Spice up your Style üòé', 'hastag': ['#prifeya', '#womenfashion #fashion #onlineshopping #style #women #fashionstyle #womenstyle #fashionblogger #fashionista #instafashion #ootd #shopping #womenswear #womenwear #womenclothing #dresses #clothing #menfashion #trending #mensfashion #dress #instagood #womenfashionstyle #love #clothes #womensfashion #trendy #newcollection'], 'timeago': '2 HOURS AGO'}",fashion51
https://instagram.fccu20-1.fna.fbcdn.net/v/t51.2885-15/295408392_1251022272377625_2883164300172650802_n.webp?stp=dst-jpg_e35&_nc_ht=instagram.fccu20-1.fna.fbcdn.net&_nc_cat=109&_nc_ohc=0aW_vyK8P8cAX-a4eNn&edm=ALQROFkBAAAA&ccb=7-5&ig_cache_key=Mjg4OTM4MDQ4ODI1MTQxMTE1OQ%3D%3D.2-ccb7-5&oh=00_AT_dXQGm7jNlCo6EsOkGUFIUlWLyJMu8VP4CqTNRt6oLkw&oe=62E429AB&_nc_sid=30a2ef,"{'likes': '1 like', 'username': 'das_shopping_', 'caption': 'Floral Print Open Back Halter Romper.', 'hastag': ['#elegant #elegantdress #elegantwoman #romper #rompers #womenfashion #womenclothes #womenstyle #womenbeauty #womenrompers #fashion #summeroutfit #summerfashion #openbackromper #floral #floralclothing #floraldresses #floralromper #datingdress #datingadvice #datingtips #dating #datingclothes #datingoutfit #l4l #f4f #f4follow'], 'timeago': '2 HOURS AGO'}",fashion52
https://instagram.fccu20-1.fna.fbcdn.net/v/t51.2885-15/295003594_179707647767777_8494753295518190584_n.webp?stp=dst-jpg_e35&_nc_ht=instagram.fccu20-1.fna.fbcdn.net&_nc_cat=105&_nc_ohc=J-SGUhq3dZQAX93Gx4r&edm=ALQROFkBAAAA&ccb=7-5&ig_cache_key=Mjg4OTI2MDk0ODY5Mjc0NDA4Nw%3D%3D.2-ccb7-5&oh=00_AT9OyzrOu43588KJXVir1y-QRFRGNhf_IXLekq-Vbv594g&oe=62E50ED9&_nc_sid=30a2ef,"{'likes': '3 likes', 'username': 'nn.naveera', 'caption': '‚ù§ Gombuj Jhumka', 'hastag': ['#nas #nav #potd #ootd #womenwear #womenaccesories #womenfashion #fashionista #gorgeous #heavyjhumka #meenakari #kundan #earrings #pearl #designinspo #streetfashion #streetstyle #editorial #likeforlikes #likeforfollow #followforfollow #instamood #instaclick #instadaily #igers #Dhaka #shopNAVEERA #WearNAVEERA #NAVEERAJewelleries üî∂', '#NAVEERA üî∑'], 'timeago': '6 HOURS AGO'}",fashion53
https://instagram.fccu20-1.fna.fbcdn.net/v/t51.2885-15/295326123_1191189645005981_2593267204536147715_n.jpg?stp=dst-jpg_e35&_nc_ht=instagram.fccu20-1.fna.fbcdn.net&_nc_cat=105&_nc_ohc=iqLqdtPxII0AX82rz1s&edm=ALQROFkBAAAA&ccb=7-5&ig_cache_key=Mjg4OTM2MjIyNzIwODg3NjIyMQ%3D%3D.2-ccb7-5&oh=00_AT-btODTKNc-87TWaFnsrz67ZmC7NxMhydVFvZkS7r1jeQ&oe=62E49912&_nc_sid=30a2ef,"{'likes': '3 likes', 'username': 'heer_chadha', 'caption': 'EFFECTS THE FASHION HUB Kids & Ladies Apparels & Accessories #accessories #kidsfashion #supportwomeninbusiness #jewellery #artificialjewellery #silverjewellery #goldenjewelry #womenfashion #breaslets #breslets_fashion #visit #fashionblogger #jewellerydesign', 'hastag': ['EFFECTS THE FASHION HUB Kids & Ladies Apparels & Accessories #accessories #kidsfashion #supportwomeninbusiness #jewellery #artificialjewellery #silverjewellery #goldenjewelry #womenfashion #breaslets #breslets_fashion #visit #fashionblogger #jewellerydesign'], 'timeago': '3 HOURS AGO'}",fashion54
https://instagram.fccu20-1.fna.fbcdn.net/v/t51.2885-15/295219439_111715591531182_3257858873860976883_n.jpg?stp=dst-jpg_e35_p1080x1080&_nc_ht=instagram.fccu20-1.fna.fbcdn.net&_nc_cat=106&_nc_ohc=hQgPnVkMqVAAX-FTlq8&edm=ALQROFkBAAAA&ccb=7-5&ig_cache_key=Mjg4OTMwMTE2OTg2ODk3MTYzMg%3D%3D.2-ccb7-5&oh=00_AT8KIm5oEGulR6kNjNxKbsIe5uGEPgbC_U3ap5S_LtuZtg&oe=62E49E10&_nc_sid=30a2ef,"{'likes': '1 like', 'username': 'guessauparkzilina', 'caption': 'üå¥LETO 2022‚ù£Ô∏è‚õ± a u≈æ aj s SALE 30% , nev√°haj a pridi si vybra≈• svoj k√∫sok üå¥üíöüìû- ƒç√≠slo 0911 500 715 ‚Ä¶#guesauparkzilina #guess #zilina #trendy #fashion #moda #dnesobliekam #sportoutfit #oblecenie #obchod #dnesnosim #outfitinspiration #womenfashion #womenstyle #outfit #outfitoftheday #outfitstyle #new #newcollection2022', 'hastag': ['üå¥LETO 2022‚ù£Ô∏è‚õ± a u≈æ aj s SALE 30% , nev√°haj a pridi si vybra≈• svoj k√∫sok üå¥üíöüìû- ƒç√≠slo 0911 500 715 ‚Ä¶#guesauparkzilina #guess #zilina #trendy #fashion #moda #dnesobliekam #sportoutfit #oblecenie #obchod #dnesnosim #outfitinspiration #womenfashion #womenstyle #outfit #outfitoftheday #outfitstyle #new #newcollection2022'], 'timeago': '5 HOURS AGO'}",fashion55
https://instagram.fccu20-1.fna.fbcdn.net/v/t51.2885-15/295111118_1113202252885639_8624079953023224227_n.jpg?stp=dst-jpg_e35_p1080x1080&_nc_ht=instagram.fccu20-1.fna.fbcdn.net&_nc_cat=107&_nc_ohc=g26L0Uel7usAX_v3Xyt&edm=ALQROFkBAAAA&ccb=7-5&ig_cache_key=Mjg4OTM2Njg5MzQyNzI4NzMxMQ%3D%3D.2-ccb7-5&oh=00_AT9Mw6cNZr4R6YvDg_3jlLPlTZANCw6_JeZP0wt0JHihSA&oe=62E4959E&_nc_sid=30a2ef,"{'likes': '41 likes', 'username': 'gabriagagliardi', 'caption': 'black‚Äôs swimsuit üñ§ #style #summer #advice #shein #calzedonia #stylefashion #gabriagagliardi #gabria #gg #womenfashion #cool #gabriagagliardiuominiedonne #inspira√ß√£o #lifestyle #summeroutfit #summer #lookinspira√ß√£o #mystyle #womemsupportingwomen #biondoveleno #instacool', 'hastag': ['black‚Äôs swimsuit üñ§ #style #summer #advice #shein #calzedonia #stylefashion #gabriagagliardi #gabria #gg #womenfashion #cool #gabriagagliardiuominiedonne #inspira√ß√£o #lifestyle #summeroutfit #summer #lookinspira√ß√£o #mystyle #womemsupportingwomen #biondoveleno #instacool'], 'timeago': '3 HOURS AGO'}",fashion56
https://instagram.fccu20-1.fna.fbcdn.net/v/t51.2885-15/295023409_138634595517340_7496776684485520523_n.jpg?stp=dst-jpg_e15_p640x640&_nc_ht=instagram.fccu20-1.fna.fbcdn.net&_nc_cat=104&_nc_ohc=KDNw2vby2FkAX_OSz94&edm=ALQROFkBAAAA&ccb=7-5&ig_cache_key=Mjg4OTI1NTI0MDU3ODcwMDg1OQ%3D%3D.2-ccb7-5&oh=00_AT9JTsnTixkjPk_qoh9MVpT2A6dCPgdf6mfP83FmNHjh1w&oe=62E34C01&_nc_sid=30a2ef,"{'likes': 'Be the first to like this', 'username': 'indian___outfit___', 'caption': '@indian___outfit___', 'hastag': ['#indian___outfit___#womenfashion #explorepage #explorepage‚ú® #exploremore #fashion #fashionstyle #fashionista #fashionable #trendyoutfits #instagram #shopnow'], 'timeago': '7 HOURS AGO'}",fashion57
https://instagram.fccu20-1.fna.fbcdn.net/v/t51.2885-15/295070657_336163535267464_7581427631530371393_n.jpg?stp=dst-jpg_e35_p750x750_sh0.08&_nc_ht=instagram.fccu20-1.fna.fbcdn.net&_nc_cat=104&_nc_ohc=BWX-LrnvLXAAX8cqNlL&edm=ALQROFkBAAAA&ccb=7-5&ig_cache_key=Mjg4OTI0NTc5Mjg4NDgyMjA4OQ%3D%3D.2-ccb7-5&oh=00_AT8QRsV8HJR6cVzRfhWY9Q6qy2LYRgV19XyzsbvVLyxeNw&oe=62E46FDD&_nc_sid=30a2ef,"{'likes': '5 likes', 'username': 'lounai.lb', 'caption': 'Check our new Collection!ü§©', 'hastag': ['#womenswear #fashion #womensfashion #style #ootd #onlineshopping #instafashion #fashionblogger #womenstyle #fashionista #fashionstyle #women #womenfashion #clothing #dress #shopping #dresses #instagood #clothes #trending #love #louna√Ø #womensclothing #streetstyle #newcollection #stylish #ethnicwear #byblosshop#beirutfashiononline'], 'timeago': '7 HOURS AGO'}",fashion58
https://instagram.fccu20-1.fna.fbcdn.net/v/t51.2885-15/294872697_576472310644032_1862464051117653199_n.jpg?stp=dst-jpg_e15_p480x480&_nc_ht=instagram.fccu20-1.fna.fbcdn.net&_nc_cat=100&_nc_ohc=Tf02h3c8qqkAX9fwhY7&edm=ALQROFkBAAAA&ccb=7-5&ig_cache_key=Mjg4OTI1MzEzNDUxODEzMDQwNA%3D%3D.2-ccb7-5&oh=00_AT8lWQQFRNAISDRIzzQjyllzs_igoTYk37h4AGmiBtm5fw&oe=62E40E15&_nc_sid=30a2ef,"{'likes': 'Be the first to like this', 'username': 'indian___outfit___', 'caption': '@indian___outfit___', 'hastag': ['#indian___outfit___#womenfashion #explorepage #explorepage‚ú® #exploremore #fashion #fashionstyle #fashionista #fashionable #trendyoutfits #instagram #shopnow'], 'timeago': '7 HOURS AGO'}",fashion59
https://instagram.fccu20-1.fna.fbcdn.net/v/t51.2885-15/295507953_1477429752699353_6167100834005721655_n.jpg?stp=dst-jpg_e35_p1080x1080&_nc_ht=instagram.fccu20-1.fna.fbcdn.net&_nc_cat=105&_nc_ohc=z3EvrnDLB7YAX9pPSLr&edm=ALQROFkBAAAA&ccb=7-5&ig_cache_key=Mjg4OTI1MTEyMDA5NTQ5MjQ0NQ%3D%3D.2-ccb7-5&oh=00_AT_GEx4AL99Kke3GXE2_G8i-GI9L5VWZv0539eViPbSV2g&oe=62E4AF20&_nc_sid=30a2ef,"{'likes': '10 likes', 'username': 'misspoemofficial', 'caption': 'Miss Poem Kadƒ±n Giyim', 'hastag': ['#trendy #stylish #Istanbul #merter #kadƒ±n #kadƒ±ngiyimmodelleri #toptan #parekende #etek #bluz #t√ºrkiye #trendyol #trending #ke≈üfet #aktiftakipci #fashionphotography #fashionphotography #fashionlover #fashionlover #fashiontrends #fashionillustration #fashionable #fashionnova #womensupportingwomen #womenempowerment #womenswear #womensfashion #womenfashion #womeninbusiness #styleinspiration'], 'timeago': '7 HOURS AGO'}",fashion60
https://instagram.fccu20-1.fna.fbcdn.net/v/t51.2885-15/295176333_172773751912857_6208951812164194834_n.jpg?stp=dst-jpg_e35_s1080x1080&_nc_ht=instagram.fccu20-1.fna.fbcdn.net&_nc_cat=109&_nc_ohc=GmsqnMQIF-8AX9FFtsE&tn=2gI10avjJ4m3-WoU&edm=ALQROFkBAAAA&ccb=7-5&ig_cache_key=Mjg4OTI0MDAzMjMyNjk0NjQ2Mg%3D%3D.2-ccb7-5&oh=00_AT-0_VDjEtl2I_UDluchr49eGqzinKLL2iejxMWyONqQ2g&oe=62E4E1BA&_nc_sid=30a2ef,"{'likes': 'Be the first to like this', 'username': 'rumaysha_attire', 'caption': 'üå∏ CATALEA SUIT üå∏', 'hastag': ['#CataleaSuit', '#StockLimited', '#muslimmommy #hijabmasakini #muslimmoms #bajumurah #womenfashion #blouse #sayajualbaju #blouselabuhcantik #muslimmom #shawlsingapore #bajulabuh #proudmuslim #singaporefashion #muslimmompreneur #muslimmombloggers #fashionvaletsg #hijabbloger #ilovehijab #blousedesign #blouseselesa #skirt #blouseplain #blousemenyusu #sgshawl #blousecomocrepe'], 'timeago': '7 HOURS AGO'}",fashion61
https://instagram.fccu20-1.fna.fbcdn.net/v/t51.2885-15/295489269_849193666057312_3919745057715577793_n.jpg?stp=dst-jpg_e35_p1080x1080&_nc_ht=instagram.fccu20-1.fna.fbcdn.net&_nc_cat=104&_nc_ohc=mAwqo1f6m4gAX88BLL6&edm=ALQROFkBAAAA&ccb=7-5&ig_cache_key=Mjg4OTI3NDAwNzU2NjEwODM5OQ%3D%3D.2-ccb7-5&oh=00_AT8NH-RJ5aUN35HbCuedic63ololjeXuLmV95kiHoeBZdg&oe=62E3F743&_nc_sid=30a2ef,"{'likes': 'Be the first to like this', 'username': 'voguish_outfit_', 'caption': 'ùë∑ùíìùíêùíÖùíñùíÑùíï ùíÖùíÜùíïùíÇùíäùíçùíî :', 'hastag': ['#dress #voguishoutfit', '#modestclothing #fashion #womencloting #trendingstyle #comfortclothing #cottondress #sipmledress #fancylook #elegantlook #onlineshopping #kerala #casualwear #dailywear #homewear #officewear #collegewear #musthave #boutique #india #southindian #westernclothing #longfrocks #tops #kurti #womenfashion'], 'timeago': '6 HOURS AGO'}",fashion62
https://instagram.fccu20-1.fna.fbcdn.net/v/t51.2885-15/295571972_5358908034179055_1558157543660295741_n.webp?stp=dst-jpg_e35&_nc_ht=instagram.fccu20-1.fna.fbcdn.net&_nc_cat=103&_nc_ohc=8KTS95-cT-YAX-I1zBC&edm=ALQROFkBAAAA&ccb=7-5&ig_cache_key=Mjg4OTI0ODA2MDMwODgxODA3MQ%3D%3D.2-ccb7-5&oh=00_AT_n3nk4_13QTJ-ZmqvgNbmTVsynPacJXgov_zEdaK1BGg&oe=62E51B72&_nc_sid=30a2ef,"{'likes': '3 likes', 'username': 'rangolibysam', 'caption': 'For more information +923184771724', 'hastag': ['We can Customize any outfit the way you want including Color, Size, Embroidery, Embellishments, Designs and Patterns. Deliver worldwide stitched & customized stitching. 95% of our customers believe that the product is as shown in the pictures.#pakistanidresses #pakistanifashion #asiandresses #desidresses #pakistaniweddings #pakistaniclothes #kuwaitwomen  #partywear #formaldresses #fashionblogger #tulipshalwar #womenfashion #instafashion #weddingdresses # #usa #ksa #lehngacholi #bridaldresses #pakistanicouture #bridalcoutureweek', '#rangolibysam#fabbyamirah_official #usafashion #uaeüá¶üá™ #weekendmagazine #kuwait  #ebuzztoday #londonfashion', '#washingtondc', '#newyork'], 'timeago': '7 HOURS AGO'}",fashion63
https://instagram.fccu20-1.fna.fbcdn.net/v/t51.2885-15/295472588_639867420371154_1330524180762991841_n.webp?stp=dst-jpg_e35&_nc_ht=instagram.fccu20-1.fna.fbcdn.net&_nc_cat=106&_nc_ohc=JKm2ZbCHTLsAX8p6SmT&tn=2gI10avjJ4m3-WoU&edm=ALQROFkBAAAA&ccb=7-5&ig_cache_key=Mjg4OTM3MDc5OTU2ODQ1OTU1MQ%3D%3D.2-ccb7-5&oh=00_AT8b_ElKZvIeCCi4BPGsP9bOmarsP8xMPR8ZpUxT0Ctsfw&oe=62E4E843&_nc_sid=30a2ef,"{'likes': 'Be the first to like this', 'username': 'shama3a.shop', 'caption': 'üí•Desigual SALE', 'hastag': ['#sale #fashionista #fashionstyle #fashionblogger #womenfashion #womenstyle #onlineshopping #summercollection #summervibes', '#ÿ¥Ÿàÿ®ŸäŸÜÿ¨_ÿπÿßŸÑŸÖŸä #ÿ¥Ÿàÿ®ŸäŸÜÿ¨_ÿßŸàŸÜŸÑÿßŸäŸÜ'], 'timeago': '3 HOURS AGO'}",fashion64
https://instagram.fccu20-1.fna.fbcdn.net/v/t51.2885-15/295134074_604149864408772_5744456680831509970_n.jpg?stp=dst-jpg_e35_p750x750_sh0.08&_nc_ht=instagram.fccu20-1.fna.fbcdn.net&_nc_cat=104&_nc_ohc=usmnZpMXdSAAX8cNN4p&edm=ALQROFkBAAAA&ccb=7-5&ig_cache_key=Mjg4OTI0Mzg5Nzc4OTE5NjY3OQ%3D%3D.2-ccb7-5&oh=00_AT8aedP4JhiUk0qQSzXO2BAwf_7LX2hAu8GNvIduCI_I0Q&oe=62E4A151&_nc_sid=30a2ef,"{'likes': '3 likes', 'username': 'lounai.lb', 'caption': 'Check our new Collection!ü§©', 'hastag': ['#womenswear #fashion #womensfashion #style #ootd #onlineshopping #instafashion #fashionblogger #womenstyle #fashionista #fashionstyle #women #womenfashion #clothing #dress #shopping #dresses #instagood #clothes #trending #love #louna√Ø #womensclothing #streetstyle #newcollection #stylish #ethnicwear #byblosshop#beirutfashiononline'], 'timeago': '7 HOURS AGO'}",fashion65
https://instagram.fccu20-1.fna.fbcdn.net/v/t51.2885-15/295180206_432997935519435_6073962937191825626_n.jpg?stp=dst-jpg_e35_p1080x1080&_nc_ht=instagram.fccu20-1.fna.fbcdn.net&_nc_cat=103&_nc_ohc=iZkBDffajNgAX-F_MCo&edm=ALQROFkBAAAA&ccb=7-5&ig_cache_key=Mjg4OTMxMDY1ODYxNzUzMDIyMA%3D%3D.2-ccb7-5&oh=00_AT8pZ8CCEfG6zakwyhF1EW9a2HvWOvWKSvi7laSxab3-Sg&oe=62E386F9&_nc_sid=30a2ef,"{'likes': '3 likes', 'username': 'prettypeppybyannie', 'caption': '‡§™‡•Ä‡§≤‡•Ä ‡§ß‡•Ç‡§™ ‡§™‡§π‡§®‡§ï‡•á ‡§§‡•Å‡§Æ, ‡§¶‡•á‡§ñ‡•ã ‡§¨‡§æ‡§ó‡§º ‡§Æ‡•á‡§Ç ‡§Æ‡§§ ‡§ú‡§æ‡§®‡§æ', 'hastag': ['#ootdindian#anarkalisuits#anarkali#rakhioutfit#indianoutfit#indianstyle#weddingsuits#indianweddingwear#indianbride#fashionphotography#fashionpost#indianfashion#indianweddingglam#wedmegood#sangeetoutfit#mehendioutfit', '#posesforinstagram#whatiworetoday#floralsuits#rakhioutfitideas#teejh#womenfashion#indianweddingseason#indianfashionblogger#summeroutfit#suitsuitkarda'], 'timeago': '5 HOURS AGO'}",fashion66
https://instagram.fccu20-1.fna.fbcdn.net/v/t51.2885-15/295303555_3278530275715187_7251816412576505405_n.jpg?stp=dst-jpg_e35_p1080x1080&_nc_ht=instagram.fccu20-1.fna.fbcdn.net&_nc_cat=111&_nc_ohc=vAMcu1GdK4MAX_FWNAi&edm=ALQROFkBAAAA&ccb=7-5&ig_cache_key=Mjg4OTMxOTgyNzIxNjY5MjU5Mw%3D%3D.2-ccb7-5&oh=00_AT8yAFlgFLqjqG1dJ4kEO49Q3bcUvB6dSr58BHf_q6Fw0w&oe=62E4A62F&_nc_sid=30a2ef,"{'likes': '11 likes', 'username': 'stellarose_fashions', 'caption': 'MAGICAL MOONSTONE | The meaning of Moonstone is feminine energy and new beginnings.', 'hastag': ['#newweek #newgoals #newbeginnings #moonstone #feminineenergy', '#styletipsforwomen #fashiontipsforwomen #fashionstylingtips #styleadvice #fashiontips #stylehelp #outfitideasforwomen #whattoweartoday #wardrobeideas #fashionboutique #womenfashion #womensdesignerfashion #womensfashionstore #perthboutiques #womensfashiontips #perthboutique #perthshopping #perthfashion #perthwomen #sydneyfashion #melbournefashion #australianonlineboutique #sydneyboutiques #womensfashionadvice #melbourneboutique'], 'timeago': '4 HOURS AGO'}",fashion67
https://instagram.fccu20-1.fna.fbcdn.net/v/t51.2885-15/295448288_419710336882601_1172344158590902603_n.jpg?stp=dst-jpg_e35_p1080x1080&_nc_ht=instagram.fccu20-1.fna.fbcdn.net&_nc_cat=105&_nc_ohc=FFw0EcJ_bFsAX8fGYrt&edm=ALQROFkBAAAA&ccb=7-5&ig_cache_key=Mjg4OTM3OTM3MjI4NzA4MTc2MA%3D%3D.2-ccb7-5&oh=00_AT-OQ_BaqXuGRbZvC4EzNPLSYS_IM9zcm_jZCscZpxZ9_w&oe=62E52EA2&_nc_sid=30a2ef,"{'likes': 'Be the first to like this', 'username': 'thekoolkurator', 'caption': 'Gucci Pay Pal shipped. #followers #thekoolkurator#gucci#fashion#fashionista #fashionblogger #Look#Gucci#onfeet# Spring#italy#forsale#womenfashion#accessories#instafashion#Atlanta#milano##mensfashion#instafashion#style#follow#instagram#GG#vintage', 'hastag': ['Gucci Pay Pal shipped. #followers #thekoolkurator#gucci#fashion#fashionista #fashionblogger #Look#Gucci#onfeet# Spring#italy#forsale#womenfashion#accessories#instafashion#Atlanta#milano##mensfashion#instafashion#style#follow#instagram#GG#vintage'], 'timeago': '3 HOURS AGO'}",fashion68
https://instagram.fccu20-1.fna.fbcdn.net/v/t51.2885-15/295421131_1076043466623682_5072321287717406215_n.jpg?stp=dst-jpg_e35_p1080x1080&_nc_ht=instagram.fccu20-1.fna.fbcdn.net&_nc_cat=110&_nc_ohc=Ctq3_HtCZDIAX_0uJ5s&edm=ALQROFkBAAAA&ccb=7-5&ig_cache_key=Mjg4OTI1MTY3NjM2ODc2OTMxNg%3D%3D.2-ccb7-5&oh=00_AT_NbPZGy2I5YPvpbC5_d_rFeOi-KBBrANw5npEaBsThow&oe=62E3B29A&_nc_sid=30a2ef,"{'likes': '15 likes', 'username': 'femme__sensuelle', 'caption': '@milenafranzoni', 'hastag': ['#femme__sensuelle #ovunquesarai', '#love', '#glamour', '#meraviglia', '#womenfashion', '#class #summer22', '#photooftheday', '#estate #italianwoman', '#saicosapensodite‚Ä¶sempre‚ù§Ô∏è'], 'timeago': '7 HOURS AGO'}",fashion69
https://instagram.fccu20-1.fna.fbcdn.net/v/t51.2885-15/295131501_586998213163105_4956589051290446465_n.webp?stp=dst-jpg_e35&_nc_ht=instagram.fccu20-1.fna.fbcdn.net&_nc_cat=101&_nc_ohc=0RcuwWaZ-10AX-Udji1&edm=ALQROFkBAAAA&ccb=7-5&ig_cache_key=Mjg4OTMwMDkzOTcyNjE0ODU3OQ%3D%3D.2-ccb7-5&oh=00_AT-lxU9bTKkOuCF5UGxLptsX2UsVERyuDaH1viAVk8pXSw&oe=62E367B4&_nc_sid=30a2ef,"{'likes': '1 like', 'username': 'stylishcollection_jewelery', 'caption': 'Brass Earrings with Ring..üíù', 'hastag': ['#jewellrystore #stylish #collection #jewelry #jewellerydesigner #highquality #highqualityjewelry #highqualityfashion #kundanmeenakarijewellery #americandiamondjewellery ##jewelleryaddict #jewellerylover #necklacesets #rings #chokernecklace #bracelets #bangles #jewellerydesigner #womenfashion #treditionaljewellery #tredingjewellery #allindiadelivery #instagramhub #india #indianwedding #indianoutfit #indianjewellery #instafamily #keepsupporting #trending'], 'timeago': '5 HOURS AGO'}",fashion70
https://instagram.fccu20-1.fna.fbcdn.net/v/t51.2885-15/295026543_437469601594714_7463021566217201705_n.jpg?stp=dst-jpg_e35_p1080x1080&_nc_ht=instagram.fccu20-1.fna.fbcdn.net&_nc_cat=110&_nc_ohc=Z0uOm8R4hXMAX-y5Q8g&edm=ALQROFkBAAAA&ccb=7-5&ig_cache_key=Mjg4OTMzODcyMTk5MzIxNTQyMQ%3D%3D.2-ccb7-5&oh=00_AT8Kdcp9IQ5qyFuRcrhvVFH3HUjfx73Jkwo1q0iOLfpFJw&oe=62E36BA9&_nc_sid=30a2ef,"{'likes': '4 likes', 'username': 'nawazish_kurtis', 'caption': 'TRIPPLE LAYER BELL SLEEVES PALAZZO SET', 'hastag': ['#womenwear #womenfashion #kurti #kurtiwholesale #ladies #ladiessuits #ootd #outfitoftheday #fashion #fashionstyle #palazzo #suit #dresses #fashion #instagood #instagram #instafashion #instalove #instamood'], 'timeago': '4 HOURS AGO'}",fashion71
https://instagram.fccu20-1.fna.fbcdn.net/v/t51.2885-15/295420332_1110663466195226_7402055120163451295_n.jpg?stp=dst-jpg_e35_p1080x1080&_nc_ht=instagram.fccu20-1.fna.fbcdn.net&_nc_cat=102&_nc_ohc=9DBqneWIirgAX_jaZWY&edm=ALQROFkBAAAA&ccb=7-5&ig_cache_key=Mjg4OTI2MDY1MjIzNzQ5NzIzNA%3D%3D.2-ccb7-5&oh=00_AT_A-I32Ryq2fHCirAsOX8aeLF8E0Or8KjCYLHsAYJFvVQ&oe=62E3B4CA&_nc_sid=30a2ef,"{'likes': '9 likes', 'username': 'libaembroideryofficial', 'caption': '*20% OFF*', 'hastag': ['#libaembroideryofficial #fashion #streetfashion #neon #embroidery #cotton #summer #summervibes #spring #springfashion #onlineshopping #boutique #women #girls #girlsfashion #womenfashion #partywear #wedding #weddingdress #bridaldress #2022 #viral #viralvideos #trending #trend #sale #independenceday'], 'timeago': '6 HOURS AGO'}",fashion72
https://instagram.fccu20-1.fna.fbcdn.net/v/t51.2885-15/295514759_2289558174524871_7252402075055659623_n.jpg?stp=dst-jpg_e35&_nc_ht=instagram.fccu20-1.fna.fbcdn.net&_nc_cat=103&_nc_ohc=8He0GUlF6IwAX9k_F9G&tn=2gI10avjJ4m3-WoU&edm=ALQROFkBAAAA&ccb=7-5&ig_cache_key=Mjg4OTI1NTI5NDUwMTY2MjExMw%3D%3D.2-ccb7-5&oh=00_AT-E4KffEcE-hrLdUowMessBnXDoM6vzb6kNFjSzN02kXw&oe=62E4F768&_nc_sid=30a2ef,"{'likes': '5 likes', 'username': 'dxbtaiwan', 'caption': 'Chiffon Skirt ü§ç', 'hastag': ['#womenwear #fashion #womenfashion #onlineshopping #women #style #fashionstyle #dresses #dress #indianwear #ethnicwear #fashionblogger #fashionista #instafashion #shopping #womenstyle #ootd #clothing #womensfashion #womenclothing #trending #clothes #ladieswear #newcollection #saree #outfit #casualwear #womenswear #clothingbrand #partywear'], 'timeago': '7 HOURS AGO'}",fashion73
https://instagram.fccu20-1.fna.fbcdn.net/v/t51.2885-15/295268828_432274888960062_5562526085173213380_n.jpg?stp=dst-jpg_e15_fr_p1080x1080&_nc_ht=instagram.fccu20-1.fna.fbcdn.net&_nc_cat=106&_nc_ohc=sajHp_YC6JgAX82Jd3W&edm=ALQROFkBAAAA&ccb=7-5&ig_cache_key=Mjg4OTI4NTI2NDkyNTcxODk4MQ%3D%3D.2-ccb7-5&oh=00_AT8CogZmm4GEGMUkbMJdkNQtJh0Y5vV3ClVD7_842NFobg&oe=62E50490&_nc_sid=30a2ef,"{'likes': '20 likes', 'username': 'romina_shopping_center', 'caption': 'Classy and in the mood for summer vacationü§ç', 'hastag': ['#rominafashion', '#romina #rominaclothing #womenclothing #summersales #womenstyle #sales #summer #summeroutfit #dress #dressoftheday #myacollection #floraldress #kimonodress #elegantstyle #islandvibes #bohodress #womenfashion #styleoftheday #onlineshopping #shoponline #outfitoftheday #ootd #ootdfashion #inspofashion #photooftheday #instadaily'], 'timeago': '6 HOURS AGO'}",fashion74
https://instagram.fccu20-1.fna.fbcdn.net/v/t51.2885-15/295747665_1780218502316263_5814022859509739908_n.jpg?stp=dst-jpg_e35_p1080x1080&_nc_ht=instagram.fccu20-1.fna.fbcdn.net&_nc_cat=107&_nc_ohc=J4Uf6wybZ5gAX8jkOm5&edm=ALQROFkBAAAA&ccb=7-5&ig_cache_key=Mjg4OTM2Mzc1NzU5Mjg0MTUyNg%3D%3D.2-ccb7-5&oh=00_AT_j-UlarnW9qq_D-VFKhsyMx7PCziOwfthKPdtjERA9mg&oe=62E46877&_nc_sid=30a2ef,"{'likes': '2 likes', 'username': 'trending_fashions001', 'caption': 'New newüòçüî•üî•üî•üî•üëåüëå', 'hastag': ['#fashionstyle #womenfashion #mensfashion #trendingfashion #wcb #kingkiba #diamondplatnumz #fashionupdate2020 #uptodatefashionandstyles #fashioncop #foreverlivingproducts #foreveliving #zarithebosslady #Gnld #wanawakelive #wanawaketunaweza #joycekiriasuperwoman #afroswag #officialzuchuuog #mangekimambi #tzshaderoomog #jumalokole #jaymaudaku #wanawakelive #kondeboy #khangazamombasa #Nandy #harmonize .'], 'timeago': '3 HOURS AGO'}",fashion75
https://instagram.fccu20-1.fna.fbcdn.net/v/t51.2885-15/295114066_375670838026637_2469743056062215442_n.webp?stp=dst-jpg_e35&_nc_ht=instagram.fccu20-1.fna.fbcdn.net&_nc_cat=105&_nc_ohc=SzbS53ds7foAX9keayJ&edm=ALQROFkBAAAA&ccb=7-5&ig_cache_key=Mjg4OTI5NzYyMjUyNzQ3NDQ0Mw%3D%3D.2-ccb7-5&oh=00_AT_iA2mNbMc67CDr_ZoIRi9c0hjvovC-OAjQvHMrXzrEtw&oe=62E353A3&_nc_sid=30a2ef,"{'likes': '4 likes', 'username': 'stylesbyenakhe', 'caption': 'Do you know the right names for the various length of a skirt?', 'hastag': ['#design #clothingbrand #stylish #trending #explore #designerwear #clothing #embroidery #lagosfashion #couture #explorepage #fashionweek #ss #lahore #ethnicwear #luxury #pakistan #luxurypret #womensfashion #instagood #hustlersquare #fashionshow #asoebi #lagos #abuja #instastyle #womenfashion #bespoke #menswear #love'], 'timeago': '5 HOURS AGO'}",fashion76
https://instagram.fccu20-1.fna.fbcdn.net/v/t51.2885-15/295684783_147252581252895_6997247449152250141_n.jpg?stp=dst-jpg_e15_p640x640&_nc_ht=instagram.fccu20-1.fna.fbcdn.net&_nc_cat=103&_nc_ohc=8MXkm0Pnvp4AX-ZSsIr&edm=ALQROFkBAAAA&ccb=7-5&ig_cache_key=Mjg4OTI5OTg3Mjg5ODk1MDk1OQ%3D%3D.2-ccb7-5&oh=00_AT93Gixy9idCQu_CmIT--LFmVR2dn2CfjKNiIfADl8DliA&oe=62E4C657&_nc_sid=30a2ef,"{'likes': '1 like', 'username': 'ayesha.boutique.store.pk', 'caption': '*BAROQUE WEDDING EDITION EMBROIDERY COLLECTION*', 'hastag': ['#brandclothing #brandedclothing #shoponlinepakistan #ladybosslifestyle #girlsdresses #womenfashion #buynow #weddingdress #partywear'], 'timeago': '5 HOURS AGO'}",fashion77
https://instagram.fccu20-1.fna.fbcdn.net/v/t51.2885-15/295517964_176332321523247_3968374831864611590_n.webp?stp=dst-jpg_e35&_nc_ht=instagram.fccu20-1.fna.fbcdn.net&_nc_cat=103&_nc_ohc=S18s4DUCv7sAX_OGTwa&edm=ALQROFkBAAAA&ccb=7-5&ig_cache_key=Mjg4OTM2ODE4ODIzNzM3MTcyMQ%3D%3D.2-ccb7-5&oh=00_AT-P1Yh5c_mN7ZKMas4hofo4yiMSb-t6rCMEDZHYBX8bPg&oe=62E4E58A&_nc_sid=30a2ef,"{'likes': '1 like', 'username': 'lediamantnoir_d', 'caption': 'üí•Desigual SALE', 'hastag': ['#lediamntnoir #sale #fashionista #fashionstyle #fashionblogger #womenfashion #womenstyle #onlineshopping #summercollection #summervibes', '#ÿ¥Ÿàÿ®ŸäŸÜÿ¨_ÿπÿßŸÑŸÖŸä #ÿ¥Ÿàÿ®ŸäŸÜÿ¨_ÿßŸàŸÜŸÑÿßŸäŸÜ'], 'timeago': '3 HOURS AGO'}",fashion78
https://instagram.fccu20-1.fna.fbcdn.net/v/t51.2885-15/295499269_1186950428751114_2131994788441853185_n.jpg?stp=dst-jpg_e15_fr_s1080x1080&_nc_ht=instagram.fccu20-1.fna.fbcdn.net&_nc_cat=106&_nc_ohc=q1acxHnmm8UAX9-QHcK&edm=ALQROFkBAAAA&ccb=7-5&ig_cache_key=Mjg4OTMxNDk2ODkyNzcyMjU1Nw%3D%3D.2-ccb7-5&oh=00_AT_ITtgFbN9nlRM7Xynr-KZp1QRGCwWlV2vKEXUK3IHAXg&oe=62E35171&_nc_sid=30a2ef,"{'likes': '1 like', 'username': 'emadifabricsoffical', 'caption': 'MTF - RIM JHIM | DIGITAL PRINTED STRIPE EMBROIDERED COLLECTION 2022.', 'hastag': ['#ShopOnline #OnlineShopping #Rimjhim #ChikankariDupatta #StripeEmbroidered #CutworkDupatta #BamberChiffonDupatta #Chikankari #ComingSoon #Wholesale #PlainTrouser #Fashion #WomenFashion #Fashion #PakistaniDresses #PrebookNow #Wholesalers #WholesaleClothing #WomensApparell #LadiesClothing #ClothingBrand #MTF #Emadi #EmadiTextiles'], 'timeago': '5 HOURS AGO'}",fashion79
https://instagram.fccu20-1.fna.fbcdn.net/v/t51.2885-15/295248368_398142512415980_207556134839367749_n.webp?stp=dst-jpg_e35&_nc_ht=instagram.fccu20-1.fna.fbcdn.net&_nc_cat=108&_nc_ohc=JP6f6zV6zP0AX8hcyWw&edm=ALQROFkBAAAA&ccb=7-5&ig_cache_key=Mjg4OTM0NzI5MTQxMDE2NzEwMg%3D%3D.2-ccb7-5&oh=00_AT-1usrECJMWT1ZaGjVQIhQLde3VjOu95dASpV949QdKjw&oe=62E38E88&_nc_sid=30a2ef,"{'likes': '2 likes', 'username': 'safaraboutiqueandarts0998', 'caption': 'KURTA PANT DUPPTTA SET', 'hastag': ['#womensuits #fashion #designerclothes #womenfashion #suits #pajamas #ethnicwear #punjabisuits #dresslovers #embroideredsuits #seasonfashion #clothestrending #fitnessshorts #amazonsellers #shopifyinventory #romperstyle #slippers #sleepslumber #suit #womensuit #onesiepajamas #ethinicwear #heavydress #womensuitstyle #fancysuits #swimsuit #traditionalsuits #summer #cottonsuits #women'], 'timeago': '4 HOURS AGO'}",fashion80
https://instagram.fccu20-1.fna.fbcdn.net/v/t51.2885-15/295791245_1259902831216154_2457703039647505936_n.jpg?stp=dst-jpg_e35_p750x750_sh0.08&_nc_ht=instagram.fccu20-1.fna.fbcdn.net&_nc_cat=102&_nc_ohc=Vp89FMf0n7AAX-lA9ls&edm=ALQROFkBAAAA&ccb=7-5&ig_cache_key=Mjg4OTM3NjAwNzE5MjExMjI5Ng%3D%3D.2-ccb7-5&oh=00_AT9G1qRlVpW3kJ7H7lMDUCFIrD_yomybKjYMa4a-p1divQ&oe=62E45E51&_nc_sid=30a2ef,"{'likes': '10 likes', 'username': 'crouka_shop', 'caption': '.', 'hastag': ['#crouka #„ÇØ„É≠„Éº„Ç´ #2022ss', '#women #womenfashion #danton #„ÉÄ„É≥„Éà„É≥ #outer #„É©„Ç§„Éà„Ç¢„Ç¶„Çø„Éº#„Éê„É´„Éû„Ç´„Éº„É≥„Ç≥„Éº„Éà #kyoto #fashion #selectshop #‰∫¨ÈÉΩ #ÂåóËøëÁïø #Â••‰∫¨ÈÉΩ #Á¶èÁü•Â±± #Á∂æÈÉ® #ÂÆÆÊ¥• #Á¶èÁü•Â±±Âüé #„ÇÜ„Çâ„ÅÆ„Ç¨„Éº„Éá„É≥ #„Çª„É¨„ÇØ„Éà„Ç∑„Éß„ÉÉ„Éó'], 'timeago': '3 HOURS AGO'}",fashion81
https://instagram.fccu20-1.fna.fbcdn.net/v/t51.2885-15/295300445_380246114241134_5592636392981381889_n.jpg?stp=dst-jpg_e35_p1080x1080&_nc_ht=instagram.fccu20-1.fna.fbcdn.net&_nc_cat=102&_nc_ohc=Mvs_29up48EAX-W__V_&edm=ALQROFkBAAAA&ccb=7-5&ig_cache_key=Mjg4OTM1NTA1NjcwMjA4NzEyMg%3D%3D.2-ccb7-5&oh=00_AT_7vq-_I95C-Ak05BOZhTizDc4ia-VTVsaivcTglb-iUg&oe=62E47948&_nc_sid=30a2ef,"{'likes': '3 likes', 'username': 'c_la_vue', 'caption': 'New look new decoration new design by @moreleyewear / @c_la_vue üî•ü§ç', 'hastag': ['#womenswear #fashion #womensfashion #style #ootd #menswear #onlineshopping #instafashion #fashionblogger #womenstyle #fashionista #fashionstyle #women #womenfashion #clothing #dress #shopping #dresses #instagood #clothes #trending #love #indianwear #womensclothing #streetstyle #newcollection #stylish #ethnicwear #mensfashion #bhfyp'], 'timeago': '3 HOURS AGO'}",fashion82
https://instagram.fccu20-1.fna.fbcdn.net/v/t51.2885-15/295226926_794890241955952_1753600942595215151_n.webp?stp=dst-jpg_e35_p1080x1080&_nc_ht=instagram.fccu20-1.fna.fbcdn.net&_nc_cat=104&_nc_ohc=lvIlH1BoC5sAX_BRDDz&edm=ALQROFkBAAAA&ccb=7-5&ig_cache_key=Mjg4OTI2NTY3MjEzMjk4ODEwNA%3D%3D.2-ccb7-5&oh=00_AT-5crradRZcLaZYTjacFdrhVE8cQwVkiwsKsrA7mFPr1w&oe=62E40E0F&_nc_sid=30a2ef,"{'likes': 'Be the first to like this', 'username': 'theuniqueclothing16', 'caption': 'üéâüéäü•≥ Designer Readymade Kurtisü•≥üéäüéâ', 'hastag': ['.#jaipurikurtis #ethnicwearonline #ethnicdresses#uniquecollection#womenfashion #cottonfabric #jaipurtextile #trending #blockprint #bestqualitydress#partywear #kurtis #trendingfashion #kaftan #tops #tiereddress #onlineshopping #dresses #onepiecelover'], 'timeago': '6 HOURS AGO'}",fashion83
https://instagram.fccu20-1.fna.fbcdn.net/v/t51.2885-15/295740083_1089574501682115_1988182242012275903_n.webp?stp=dst-jpg_e35&_nc_ht=instagram.fccu20-1.fna.fbcdn.net&_nc_cat=103&_nc_ohc=dkSSd4jPbfEAX-TwKpt&edm=ALQROFkBAAAA&ccb=7-5&ig_cache_key=Mjg4OTM2Nzc3ODIwMjA2NjgzOA%3D%3D.2-ccb7-5&oh=00_AT_4spot4kcLjQz9b5F_QSQcKDYGQ2gBp1_s0IcNOh7DWQ&oe=62E34865&_nc_sid=30a2ef,"{'likes': 'Be the first to like this', 'username': 'lediamantnoir_d', 'caption': 'üí•Desigual SALE', 'hastag': ['#lediamntnoir #sale #fashionista #fashionstyle #fashionblogger #womenfashion #womenstyle #onlineshopping #summercollection #summervibes', '#ÿ¥Ÿàÿ®ŸäŸÜÿ¨_ÿπÿßŸÑŸÖŸä #ÿ¥Ÿàÿ®ŸäŸÜÿ¨_ÿßŸàŸÜŸÑÿßŸäŸÜ'], 'timeago': '3 HOURS AGO'}",fashion84
https://instagram.fccu20-1.fna.fbcdn.net/v/t51.2885-15/295020659_359681386353373_1928752139434570444_n.webp?stp=dst-jpg_e35&_nc_ht=instagram.fccu20-1.fna.fbcdn.net&_nc_cat=101&_nc_ohc=UQZRDvTAHwUAX_Pd1vH&edm=ALQROFkBAAAA&ccb=7-5&ig_cache_key=Mjg4OTMxMDc2MTQwMzg5NTk3MA%3D%3D.2-ccb7-5&oh=00_AT9_LZQo-OYnHGD4SMXfBbI2E5a9FvV09vdA-gJGNfWrOQ&oe=62E4EEF1&_nc_sid=30a2ef,"{'likes': '57 likes', 'username': 'nina_amore_', 'caption': 'üå∫ U drustvu prekrasnoga cvijeca üå∫', 'hastag': ['#flowers #flowerphotography #whitedress #hmxme #hm #aldosandals #coccinelle #ehiteshirt #whitedress #sinsay # fashion #summer #streetstyle #inspofashion #fblmagazine #womenfashion #split #croatiafulloflife #fashionblogger #fashionable #fashioninfluencer'], 'timeago': '5 HOURS AGO'}",fashion85
https://instagram.fccu20-1.fna.fbcdn.net/v/t51.2885-15/295027026_426133562900641_2440405084387565978_n.jpg?stp=dst-jpg_e15_p640x640&_nc_ht=instagram.fccu20-1.fna.fbcdn.net&_nc_cat=101&_nc_ohc=kZpHlxxGzyEAX-rgyJl&edm=ALQROFkBAAAA&ccb=7-5&ig_cache_key=Mjg4OTM0MDIwNTMyNTM0MTU2NA%3D%3D.2-ccb7-5&oh=00_AT_DdQydaw3RT4-XRKNUbK-A8hRAvIrBMyzCHDWux6OlWA&oe=62E43605&_nc_sid=30a2ef,"{'likes': '2 likes', 'username': 'walshshoeskillarney', 'caption': 'Loveü•∞ this taupe sneaker from Skechersü§© Size 3-8 with quick next-day delivery in Ireland. Shop at newshoes.ie or tap here‚è¨', 'hastag': ['#skechers #skecherswomen #casualshoes #summer #sun #ladieswear #ladiesshoes #women #womenshoes #womenfashion #womenwear #shoestagram #instafashion #shoes #loveshoes #shoestyle #LoveKerry #wildatlanticway #lovekillarney #killarney #ringofkerry #shoesoftheday #treatyourfeet #trendyshoes #smallbusiness #shoeshopping #walshshoeskillarney #newshoes #shoesonline #freedeliveryireland'], 'timeago': '4 HOURS AGO'}",fashion86
https://instagram.fccu20-1.fna.fbcdn.net/v/t51.2885-15/295069131_735052507729252_3382241838368380950_n.webp?stp=dst-jpg_e35&_nc_ht=instagram.fccu20-1.fna.fbcdn.net&_nc_cat=104&_nc_ohc=MHbDnf8GVlEAX8D8tpE&edm=ALQROFkBAAAA&ccb=7-5&ig_cache_key=Mjg4OTM4OTU1MTAxODY3MjY0MQ%3D%3D.2-ccb7-5&oh=00_AT_UyvQQLqj9iwi2qMIZPQB3DeWonEgnmYTLaK_wXRHk7A&oe=62E3E39D&_nc_sid=30a2ef,"{'likes': '3 likes', 'username': 'hanoverclothing.co', 'caption': 'AMERICAN FOOTBALL UNIFORM ARE AVAILABLE IN BULK QUANTITY', 'hastag': ['#tshirt #hoodie #croptop #sportswear #sportsbra #tracksuit #mensfashion #menswear #womenswear #casualstyle #shorts #gymwear #streetwear #hat #tanktop #longsleeve #bikini #womenfashion #nikesportswear #nike #adidas #gucci #unitedkingdom #unitedstates #paris #france #manufacturer #supplier #exporter #worldwideshipping'], 'timeago': '2 HOURS AGO'}",fashion87
https://instagram.fccu20-1.fna.fbcdn.net/v/t51.2885-15/295444672_578355080559967_8206649809715398283_n.webp?stp=dst-jpg_e35&_nc_ht=instagram.fccu20-1.fna.fbcdn.net&_nc_cat=107&_nc_ohc=VwmXtXNCb9AAX-NNn7d&edm=ALQROFkBAAAA&ccb=7-5&ig_cache_key=Mjg4OTI0MjEzNjkyMDAyMTUwMw%3D%3D.2-ccb7-5&oh=00_AT_aEHMKPM6KDio7HXWrQXSDumWKth9z_9vx4dKSU9GWOQ&oe=62E3EDB6&_nc_sid=30a2ef,"{'likes': 'Be the first to like this', 'username': 'theuniqueclothing16', 'caption': 'üéâüéäü•≥ Designer Readymade Kurtisü•≥üéäüéâ', 'hastag': ['.#jaipurikurtis #ethnicwearonline #ethnicdresses#uniquecollection#womenfashion #cottonfabric #jaipurtextile #trending #blockprint #bestqualitydress#partywear #kurtis #trendingfashion #kaftan #tops #tiereddress #onlineshopping #dresses #onepiecelover'], 'timeago': '7 HOURS AGO'}",fashion88
https://instagram.fccu20-1.fna.fbcdn.net/v/t51.2885-15/295134670_1797327450437428_2279351181706837268_n.jpg?stp=dst-jpg_e35_s1080x1080&_nc_ht=instagram.fccu20-1.fna.fbcdn.net&_nc_cat=104&_nc_ohc=F3tYZ7YjWMEAX8j1KeZ&edm=ALQROFkBAAAA&ccb=7-5&ig_cache_key=Mjg4OTI3MTc3OTEzNjY2MjE5NQ%3D%3D.2-ccb7-5&oh=00_AT8MmrN68SPaXYhTZo3OjmEXJj_D9HtmiBjtRICu6RndQg&oe=62E3A073&_nc_sid=30a2ef,"{'likes': '3 likes', 'username': 'meandi_christiane', 'caption': 'Warum solltest du eine me&i Party veranstalten? ü§î Hier sind unsere wichtigsten Gr√ºnde!', 'hastag': ['#meandi #meandiinternational #hobbyjob #hobbyjobb #fashion #womenfashion'], 'timeago': '6 HOURS AGO'}",fashion89
https://instagram.fccu20-1.fna.fbcdn.net/v/t51.2885-15/295240904_1486538481809737_4030716301356634885_n.jpg?stp=dst-jpg_e35_p1080x1080&_nc_ht=instagram.fccu20-1.fna.fbcdn.net&_nc_cat=101&_nc_ohc=QAtvSl5zJpoAX9_noEt&edm=ALQROFkBAAAA&ccb=7-5&ig_cache_key=Mjg4OTI5ODI0MzcwNTc1MTgzMA%3D%3D.2-ccb7-5&oh=00_AT-SaVtssXGoN89jWK5DRtv1C957YTs5WlLz7ApkZkHBOA&oe=62E4B3CE&_nc_sid=30a2ef,"{'likes': '4 likes', 'username': 'voguish_outfit_', 'caption': 'ùë∑ùíìùíêùíÖùíñùíÑùíï ùíÖùíÜùíïùíÇùíäùíçùíî :', 'hastag': ['#dress #voguishoutfit', '#modestclothing #fashion #womencloting #trendingstyle #comfortclothing #cottondress #sipmledress #fancylook #elegantlook #onlineshopping #kerala #casualwear #dailywear #homewear #officewear #collegewear #musthave #boutique #india #southindian #westernclothing #longfrocks #tops #kurti #womenfashion'], 'timeago': '5 HOURS AGO'}",fashion90
https://instagram.fccu20-1.fna.fbcdn.net/v/t51.2885-15/295354118_617810679578560_8916974330966365234_n.jpg?stp=dst-jpg_e15_p640x640&_nc_ht=instagram.fccu20-1.fna.fbcdn.net&_nc_cat=104&_nc_ohc=jae85gS-FJ8AX-6Elm9&edm=ALQROFkBAAAA&ccb=7-5&ig_cache_key=Mjg4OTI2MjQ3MjgxNzE0NTYyMA%3D%3D.2-ccb7-5&oh=00_AT_fsKrv1qG1KE-xLGMzOxzfjCrj7edeD04DxS9WlMJrVg&oe=62E4DC03&_nc_sid=30a2ef,"{'likes': '2 likes', 'username': 'indian___outfit___', 'caption': '@indian___outfit___', 'hastag': ['#indian___outfit___#womenfashion #explorepage #explorepage‚ú® #exploremore #fashion #fashionstyle #fashionista #fashionable #trendyoutfits #instagram #shopnow'], 'timeago': '6 HOURS AGO'}",fashion91
https://instagram.fccu20-1.fna.fbcdn.net/v/t51.2885-15/295018180_578293007097956_6708501160638676219_n.jpg?stp=dst-jpg_e35&_nc_ht=instagram.fccu20-1.fna.fbcdn.net&_nc_cat=108&_nc_ohc=X9LCfvWi_OUAX--HGC6&edm=ALQROFkBAAAA&ccb=7-5&ig_cache_key=Mjg4OTI5MDMxMDk1OTg5MzE4MQ%3D%3D.2-ccb7-5&oh=00_AT8BQHyghjv-0VpeXXFPS3J5YYIdNmlh9mssB3QHS-MK2A&oe=62E40011&_nc_sid=30a2ef,"{'likes': 'Be the first to like this', 'username': 'preet_apparels_by_dilpreet', 'caption': 'Very beautiful maheswari silk shirt fabric printed with handwork and', 'hastag': ['#suits #suitsfowomens #punjabisuits #vastrafabric #delhi #ethenic #vastra #vastrasuits #vastracollection #vastra #vastrawholesale #ethenicwear #latestfashion #fashion #boutiquecollection #indianclothing #indianfashion #vastraorignal #delhi #ladies #girls #delhifashion #women #womenfashion #womenclothing #indian #indianwear #vastrasuits #punjabi #punjabisuits'], 'timeago': '6 HOURS AGO'}",fashion92
https://instagram.fccu20-1.fna.fbcdn.net/v/t51.2885-15/295098802_2542366939234012_420173938971974411_n.jpg?stp=dst-jpg_e35_p1080x1080&_nc_ht=instagram.fccu20-1.fna.fbcdn.net&_nc_cat=104&_nc_ohc=5SRIEqcDNPMAX-jyo4p&edm=ALQROFkBAAAA&ccb=7-5&ig_cache_key=Mjg4OTM1NDQ0MjM5Mjk5MTQ4MQ%3D%3D.2-ccb7-5&oh=00_AT_trWhGb4mIaGWf35sWohFSt_TnRlYeKyIwYqtR_e9LCg&oe=62E36877&_nc_sid=30a2ef,"{'likes': '5 likes', 'username': 'vess_24', 'caption': 'Price INR 845/- free shipping‚Ä¶. DM for order plz-[ ] Beautiful Cotton Straight Kurti Pant Set', 'hastag': ['#lahriya#newlahriya#india#instagram#indiapost#post#womenfashionstyle#womenfashion#fashionstyle#fashion#pant#duppata#bestquality#quality#kurtidesign#cotton#cottonsuits#purecotton#purecottonsuits#vess24'], 'timeago': '3 HOURS AGO'}",fashion93
https://instagram.fccu20-1.fna.fbcdn.net/v/t51.2885-15/295432414_363619935920734_220743017956096384_n.webp?stp=dst-jpg_e35&_nc_ht=instagram.fccu20-1.fna.fbcdn.net&_nc_cat=110&_nc_ohc=sSnzhIhSAPYAX8u_RnQ&edm=ALQROFkBAAAA&ccb=7-5&ig_cache_key=Mjg4OTMxMDg0NDY1OTg4NzI0OA%3D%3D.2-ccb7-5&oh=00_AT_fmviiHmEX0SyP98FrGDmkbBziADh0OTvoPzdp_KHkog&oe=62E3D976&_nc_sid=30a2ef,"{'likes': 'Be the first to like this', 'username': 'reown_wardrobe_official', 'caption': 'Soraya', 'hastag': ['#preloved#prelovedbranded#prelovedstuff#weddingseasion#womenfashion#elan#crimson#hussainrehar#suffusebysanayasir#republicwomenswear#mohsinnaveedranjha#lahorefashion#instafashion#instagood#streetstyle#farhatalibaziz#faizasaqlain#usafashion#ukfashion#shehlachatoor#buntokazmi #sairaidreesprtraits #abidadada #drharoon #lehngacholi'], 'timeago': '5 HOURS AGO'}",fashion94
